init,e0a89eff-0adc-4116-a530-7e4fa1ebfaea,LEAF-72000-72001,7b1fffffac00f4ea6ceda8ab43eb4b58,12.1.1.1,Copyright (c) 2016 Mock BMP Data Generator,,,,,12.1.1.1
init,73bc17f6-ad2c-4950-b88c-6c2998c8edd1,LEAF-72000-72002,52fc190f1a94ef1a32f7c368d563da13,12.1.1.2,Copyright (c) 2016 Mock BMP Data Generator,,,,,12.1.1.2
init,edf909a9-bf9c-4db7-b2fe-45b0f4a7a7e4,LEAF-72000-72003,38b0d3be1d2a426dcaf9c73fafd99b86,12.1.1.3,Copyright (c) 2016 Mock BMP Data Generator,,,,,12.1.1.3
init,11c069dc-80cc-47e0-867a-f389d52f0f83,LEAF-72000-72004,89a36d76e380cc2377bfeffa677a94b1,12.1.1.4,Copyright (c) 2016 Mock BMP Data Generator,,,,,12.1.1.4
init,ad8b5a9a-d375-45a6-a24f-724ec15d69e3,LEAF-72000-72005,fca7326f184717a811220b3216744880,12.1.1.5,Copyright (c) 2016 Mock BMP Data Generator,,,,,12.1.1.5
init,135dff54-5b76-428d-81c9-d19bd8a0fde8,LEAF-72000-72006,c56f294e9e9b11542ffef9571d1dcb3e,12.1.1.6,Copyright (c) 2016 Mock BMP Data Generator,,,,,12.1.1.6
init,70ad82f9-5482-4fbd-99bc-1f0e2d6d333b,LEAF-72000-72007,a009a719c197927db1571612398b7b06,12.1.1.7,Copyright (c) 2016 Mock BMP Data Generator,,,,,12.1.1.7
init,e717b068-1fbd-4eb7-a442-3371884978ce,LEAF-72000-72008,69d3d11a6cc5a5492b1e515289c68a3d,12.1.1.8,Copyright (c) 2016 Mock BMP Data Generator,,,,,12.1.1.8
init,df625bc6-3fae-4a98-8347-279da7c124e4,LEAF-72000-72009,90bca3988e29b85cfcd15cd0c883bdc7,12.1.1.9,Copyright (c) 2016 Mock BMP Data Generator,,,,,12.1.1.9
init,6f191208-8369-4c7b-9989-33f3e7737ec9,LEAF-72000-72010,a1e36cdb9cf6ceb925bfd86ddb2e3e5f,12.1.1.10,Copyright (c) 2016 Mock BMP Data Generator,,,,,12.1.1.10
init,42e43f07-a5cd-415f-86f5-363e3ec6c655,LEAF-72000-72011,4d66d6cdc5abfd15446bfd8675323c89,12.1.1.11,Copyright (c) 2016 Mock BMP Data Generator,,,,,12.1.1.11
init,8452957a-bf52-4c12-8eb8-1fc3a9262f04,LEAF-72000-72012,72ceb0256234a790248b2aea1caf2b42,12.1.1.12,Copyright (c) 2016 Mock BMP Data Generator,,,,,12.1.1.12
init,31cb86a3-452c-4669-a9e6-f9f713618771,LEAF-72000-72013,1b4edf4d4c62584d0cd68a7bcf5b00bb,12.1.1.13,Copyright (c) 2016 Mock BMP Data Generator,,,,,12.1.1.13
init,bb1fae63-4556-4e5f-92f4-abf53f1af87f,LEAF-72000-72014,16c529ff3008e23f80eaecd180437e36,12.1.1.14,Copyright (c) 2016 Mock BMP Data Generator,,,,,12.1.1.14
init,06308948-2440-49b2-96e6-50995b95385e,LEAF-72000-72015,9a9d35eac8287ded08c1fc099bd79ea9,12.1.1.15,Copyright (c) 2016 Mock BMP Data Generator,,,,,12.1.1.15
init,e7cbf458-20ec-4f7a-921f-e8bc8c78e652,LEAF-72000-72016,10be9f82654ba849c8f8bb73ae52e908,12.1.1.16,Copyright (c) 2016 Mock BMP Data Generator,,,,,12.1.1.16
init,ccfbf952-4841-45a0-a06f-7f48e5882d9c,LEAF-72000-72017,ea8f4c4299b9abdff89a67711381f679,12.1.1.17,Copyright (c) 2016 Mock BMP Data Generator,,,,,12.1.1.17
init,816453e2-8e84-41ba-94a4-d39a8a68dc39,LEAF-72000-72018,2b038d570f56fd838e6da94749062ded,12.1.1.18,Copyright (c) 2016 Mock BMP Data Generator,,,,,12.1.1.18
init,e0cc3c3e-15c5-40ba-b877-6263eae93881,LEAF-72000-72019,80c1f51d0e3ebfbfcd15451a251fec79,12.1.1.19,Copyright (c) 2016 Mock BMP Data Generator,,,,,12.1.1.19
init,b3eb7300-9303-4f96-9357-cd1e800fb82a,LEAF-72000-72020,8ad06f3758bc3e855fc1016bfa70efeb,12.1.1.20,Copyright (c) 2016 Mock BMP Data Generator,,,,,12.1.1.20
init,907f329d-ac06-4dff-ba2d-53e1193e6f81,LEAF-72000-72021,657f49b76ecee8ea5413491e01daab79,12.1.1.21,Copyright (c) 2016 Mock BMP Data Generator,,,,,12.1.1.21
init,16811818-d31c-4521-855b-f3da3deb5c5e,LEAF-72000-72022,e814bb7d546db20996e07b00687e7588,12.1.1.22,Copyright (c) 2016 Mock BMP Data Generator,,,,,12.1.1.22
init,bc81c884-b623-42dd-bbfa-22769ab71b39,LEAF-72000-72023,2e3cdd3a00014c409fd004778fea2a6d,12.1.1.23,Copyright (c) 2016 Mock BMP Data Generator,,,,,12.1.1.23
init,0a844d70-5269-4f91-8005-81967d87dace,LEAF-72000-72024,275b211f111cb89c132304cabcf36243,12.1.1.24,Copyright (c) 2016 Mock BMP Data Generator,,,,,12.1.1.24
init,f6bb2a46-249f-401b-90bc-cc875990a21e,LEAF-72000-72025,37dabc122fd04b4e02cb29dabf27134d,12.1.1.25,Copyright (c) 2016 Mock BMP Data Generator,,,,,12.1.1.25
init,e3713d21-1355-4b7f-ae64-2fbe677cbb4d,LEAF-72000-72026,c04abdd508175b44b68ccf40a9bebdb8,12.1.1.26,Copyright (c) 2016 Mock BMP Data Generator,,,,,12.1.1.26
init,72ed35d8-1739-4e8f-acf7-60f70e8184bb,LEAF-72000-72027,dfb091bd441f02daf5066691f1526494,12.1.1.27,Copyright (c) 2016 Mock BMP Data Generator,,,,,12.1.1.27
init,79298d0c-5608-464c-8020-40d50b9a50eb,LEAF-72000-72028,de19666e1824db7326a36d4669c52860,12.1.1.28,Copyright (c) 2016 Mock BMP Data Generator,,,,,12.1.1.28
init,d3e56557-39dd-4e81-8f72-2ebe4eb40b53,LEAF-72000-72029,922530aad96bae1f32dc6faa2af50c18,12.1.1.29,Copyright (c) 2016 Mock BMP Data Generator,,,,,12.1.1.29
init,54d83d7f-dccd-4a4d-aff5-e0fad052e7ab,LEAF-72000-72030,d544cd820dfc2b34479dee35b69df98f,12.1.1.30,Copyright (c) 2016 Mock BMP Data Generator,,,,,12.1.1.30
init,d00e1219-496f-4495-93d0-685eaccd4728,LEAF-72000-72031,1d05e0e1ab49049644680cad66ed8953,12.1.1.31,Copyright (c) 2016 Mock BMP Data Generator,,,,,12.1.1.31
init,de2490b9-4e23-4e04-b7b7-dd2846e2c8c0,LEAF-72000-72032,5ed137238ec259f15b6f4f1e18898a5a,12.1.1.32,Copyright (c) 2016 Mock BMP Data Generator,,,,,12.1.1.32
init,a8682e98-ae93-4d47-91bd-140836d1b8b2,LEAF-72000-72033,b500b1a6deb907bd22b05e6d454601bd,12.1.1.33,Copyright (c) 2016 Mock BMP Data Generator,,,,,12.1.1.33
init,b31c8dbd-20b1-463c-be0e-32055080dcd0,LEAF-72000-72034,86af49936388d0dff8f843ae1e157117,12.1.1.34,Copyright (c) 2016 Mock BMP Data Generator,,,,,12.1.1.34
init,ec2a6b7b-db3a-40cc-96de-f506694bdbc0,LEAF-72000-72035,79ad9083c4e88f53606fc8652d233164,12.1.1.35,Copyright (c) 2016 Mock BMP Data Generator,,,,,12.1.1.35
init,2b721af3-e65d-43f7-a6e2-cdab1d218cab,LEAF-72000-72036,5d9e71f8619266e14cef65c429caa755,12.1.1.36,Copyright (c) 2016 Mock BMP Data Generator,,,,,12.1.1.36
init,b8b56c12-1078-4994-831d-dfa7e635fee5,LEAF-72000-72037,139ebe0270d492b29e68f0425d9f6fed,12.1.1.37,Copyright (c) 2016 Mock BMP Data Generator,,,,,12.1.1.37
init,78d4b100-bf10-42e6-a2a9-add068078e82,LEAF-72000-72038,9d825c75fc078709b23463f386570697,12.1.1.38,Copyright (c) 2016 Mock BMP Data Generator,,,,,12.1.1.38
init,91534524-95cd-473d-bbc1-ea89374cf30e,LEAF-72000-72039,002bfa62c242ebaabf5dfeb648a4337f,12.1.1.39,Copyright (c) 2016 Mock BMP Data Generator,,,,,12.1.1.39
init,7d938d6d-0d2c-45a3-9bce-bcfacf7e58f1,LEAF-72000-72040,654a030d775c2d11b4c18e4bd7306a79,12.1.1.40,Copyright (c) 2016 Mock BMP Data Generator,,,,,12.1.1.40
init,54b243f4-2d9d-4f34-9a18-3abf845755f1,LEAF-72000-72041,c8bc73259de17355e4fb971330a71258,12.1.1.41,Copyright (c) 2016 Mock BMP Data Generator,,,,,12.1.1.41
init,3b9ca4e9-80e7-4581-865d-1ec5e86a1ef7,LEAF-72000-72042,d1e7b4ab41f34132d4f49fe134023287,12.1.1.42,Copyright (c) 2016 Mock BMP Data Generator,,,,,12.1.1.42
init,9eb9069a-9902-419e-89d1-720a05f40b1d,LEAF-72000-72043,c24fdea65ad9419c0ef057d2739400ce,12.1.1.43,Copyright (c) 2016 Mock BMP Data Generator,,,,,12.1.1.43
init,c4735f12-f028-44f3-83f4-0d8bf1dc52dd,LEAF-72000-72044,7ee8d6392a353078b09a9d63fdb38e80,12.1.1.44,Copyright (c) 2016 Mock BMP Data Generator,,,,,12.1.1.44
init,99cc38a7-3cf0-43ae-b1c8-1e56ec3a87e0,LEAF-72000-72045,03bf19a3a16f5729cb08951fc69c573c,12.1.1.45,Copyright (c) 2016 Mock BMP Data Generator,,,,,12.1.1.45
init,ecdb8827-d2e8-4d2c-9157-d483ec601cf4,LEAF-72000-72046,1a49dc8595d26d289d2af29017e6d913,12.1.1.46,Copyright (c) 2016 Mock BMP Data Generator,,,,,12.1.1.46
init,b395f7cf-376c-49a6-9f68-479f6f2f24e3,LEAF-72000-72047,d30d20b36df653f3075539f415d7d756,12.1.1.47,Copyright (c) 2016 Mock BMP Data Generator,,,,,12.1.1.47
init,4602f765-b853-43a6-8ec5-444f88259517,LEAF-72000-72048,e698f0145f95d419821b93daa5b767aa,12.1.1.48,Copyright (c) 2016 Mock BMP Data Generator,,,,,12.1.1.48
init,830599fd-2f01-456d-8cf4-a791c0847036,LEAF-72000-72049,20fb2f6de28c0d2749d389ea06a6826a,12.1.1.49,Copyright (c) 2016 Mock BMP Data Generator,,,,,12.1.1.49
init,07568b99-6201-4f7b-a527-7766338d1644,LEAF-72000-72050,273ac9ff264a213b0edd209053981357,12.1.1.50,Copyright (c) 2016 Mock BMP Data Generator,,,,,12.1.1.50
init,0d80cc02-9681-4cd0-bc0b-eedff668ea37,LEAF-72000-72051,1fbb7ce3a55abd75781b81869ed10e1e,12.1.1.51,Copyright (c) 2016 Mock BMP Data Generator,,,,,12.1.1.51
init,3bfbe5aa-751a-4b6b-a5f9-b5edd10f8f40,LEAF-72000-72052,5ed197c98d2af19f2b1a7db6fd3a3529,12.1.1.52,Copyright (c) 2016 Mock BMP Data Generator,,,,,12.1.1.52
init,5d8ace6b-2071-4caf-bd3f-5eebfb0e907b,LEAF-72000-72053,8cfc2e7d95c5367d9590a06e28fd5859,12.1.1.53,Copyright (c) 2016 Mock BMP Data Generator,,,,,12.1.1.53
init,430da04c-a6b7-476b-9f00-001e0d1702fd,LEAF-72000-72054,d698bd8b7c59137e16619d6a1f034706,12.1.1.54,Copyright (c) 2016 Mock BMP Data Generator,,,,,12.1.1.54
init,4f25a858-81ce-4cc7-bcd2-1c412a70e761,LEAF-72000-72055,9b334b0e1bae5df09fe74f6931d67aad,12.1.1.55,Copyright (c) 2016 Mock BMP Data Generator,,,,,12.1.1.55
init,3d1f07a9-84aa-44f0-b642-d4d25008dd42,LEAF-72000-72056,14f72219166d6ce4bfcbefb26563ba1f,12.1.1.56,Copyright (c) 2016 Mock BMP Data Generator,,,,,12.1.1.56
init,12077779-26ec-4043-9f3c-1b94895fab73,LEAF-72000-72057,3057bad831398eab8c2fd1d8bc27a4ba,12.1.1.57,Copyright (c) 2016 Mock BMP Data Generator,,,,,12.1.1.57
init,e4dd42cf-b02b-47ad-9d73-25fb26aa389a,LEAF-72000-72058,adb4b034ba5b9506fa930876f8a7045b,12.1.1.58,Copyright (c) 2016 Mock BMP Data Generator,,,,,12.1.1.58
init,f9469c0f-af4e-448e-8e54-3ca41e978dbf,LEAF-72000-72059,d184a73970916ae5049da56997983bb0,12.1.1.59,Copyright (c) 2016 Mock BMP Data Generator,,,,,12.1.1.59
init,4c7e91d7-8fb5-4f40-84be-5e28f3c55ac2,LEAF-72000-72060,e1d83e27d2037c07184b9326e7c79010,12.1.1.60,Copyright (c) 2016 Mock BMP Data Generator,,,,,12.1.1.60
init,51c2f0ba-56d5-40ed-aece-a3e38bb18186,LEAF-72000-72061,80696b2ce79c473da75bbcb7ee1a2650,12.1.1.61,Copyright (c) 2016 Mock BMP Data Generator,,,,,12.1.1.61
init,d901589d-0ea3-4734-b272-cd6ea948e157,LEAF-72000-72062,61797749009a6a0747acd5688ad1ec66,12.1.1.62,Copyright (c) 2016 Mock BMP Data Generator,,,,,12.1.1.62
init,ed797230-ebdf-41c0-87ca-d20e3daf7a32,LEAF-72000-72063,4f016a744f06a31146837082494fc016,12.1.1.63,Copyright (c) 2016 Mock BMP Data Generator,,,,,12.1.1.63
init,328351e0-5096-40fe-83e5-6d464e5df9df,LEAF-72000-72064,47db493b954e63172b938c0a5470829d,12.1.1.64,Copyright (c) 2016 Mock BMP Data Generator,,,,,12.1.1.64
init,4a53a93b-9ea5-4b58-9a77-3310079ad2b2,LEAF-72000-72065,490bd428c90bba687d1622362c80a69a,12.1.1.65,Copyright (c) 2016 Mock BMP Data Generator,,,,,12.1.1.65
init,4eaa1a41-a326-445d-a570-7783493f0eb2,LEAF-72000-72066,654bd3f8e22a264a0d7759fda687b124,12.1.1.66,Copyright (c) 2016 Mock BMP Data Generator,,,,,12.1.1.66
init,50325669-db93-4b91-9548-a6f03808dbdb,LEAF-72000-72067,0d0bfcb80729ba3f37580afd685bb262,12.1.1.67,Copyright (c) 2016 Mock BMP Data Generator,,,,,12.1.1.67
init,7ad12946-7704-4d92-9a03-d9e4acb53fe9,LEAF-72000-72068,24e25f47feab0dcfcde50890f3f12c69,12.1.1.68,Copyright (c) 2016 Mock BMP Data Generator,,,,,12.1.1.68
init,0a431073-b9fc-4fd2-9fcf-55e07b6accb3,LEAF-72000-72069,3c0f4239a155bc3b79216fbe18861aad,12.1.1.69,Copyright (c) 2016 Mock BMP Data Generator,,,,,12.1.1.69
init,14f5b7fe-a52b-44e8-b927-2af034b9ef55,LEAF-72000-72070,91becea80f2cd0559784abe653b7d0ab,12.1.1.70,Copyright (c) 2016 Mock BMP Data Generator,,,,,12.1.1.70
init,b9182fea-f055-4862-af0e-3b0f86f71ef8,LEAF-72000-72071,c53307a569bdd0fa1b228d332de40b29,12.1.1.71,Copyright (c) 2016 Mock BMP Data Generator,,,,,12.1.1.71
init,dec23865-71d9-4126-ad8d-de0d9eedbd8f,LEAF-72000-72072,11f858bdd397481744ceda53abb36620,12.1.1.72,Copyright (c) 2016 Mock BMP Data Generator,,,,,12.1.1.72
init,2338a428-2738-455f-9116-21eeb8126aaa,LEAF-72000-72073,1f612f4ae8ee7de7b49b1f915fa0d13f,12.1.1.73,Copyright (c) 2016 Mock BMP Data Generator,,,,,12.1.1.73
init,90d72803-21cd-485f-9d2d-ba92cc0ec2fd,LEAF-72000-72074,a5da602f960b59089b012f080a4f51ec,12.1.1.74,Copyright (c) 2016 Mock BMP Data Generator,,,,,12.1.1.74
init,b1ab8963-5c9e-4d64-8f6c-2f7ad2e9164b,LEAF-72000-72075,ff7e543050c5c6ecbd18302e1d0147ca,12.1.1.75,Copyright (c) 2016 Mock BMP Data Generator,,,,,12.1.1.75
init,df70993b-47af-44d7-9464-a0200d86bded,LEAF-72000-72076,0aee61081ea42cfcbd6b399a549760e8,12.1.1.76,Copyright (c) 2016 Mock BMP Data Generator,,,,,12.1.1.76
init,4ecf0f04-20bd-4815-a3e8-67ea905452bc,LEAF-72000-72077,23fb44767fb2dde791c09fd7e9a7b2f5,12.1.1.77,Copyright (c) 2016 Mock BMP Data Generator,,,,,12.1.1.77
init,9da881cb-8210-4599-b57f-2b838d9d3cb2,LEAF-72000-72078,418cb0b163014fb328c7cc3022520b9f,12.1.1.78,Copyright (c) 2016 Mock BMP Data Generator,,,,,12.1.1.78
init,fb3a85bd-d4b1-4c49-8d4f-e573cfe13f05,LEAF-72000-72079,a7db09e6461d1e32912cef27b18fff14,12.1.1.79,Copyright (c) 2016 Mock BMP Data Generator,,,,,12.1.1.79
init,7de21c07-977a-4bd5-85f7-8b1aecf2bc7a,LEAF-72000-72080,9b09ee04c1f6564f0833ea064fcfe95f,12.1.1.80,Copyright (c) 2016 Mock BMP Data Generator,,,,,12.1.1.80
init,c6157c2e-53d7-490e-8dfc-61e9f5b4fc20,LEAF-72000-72081,5b24de978d323e98fb21d2e6a8020e1d,12.1.1.81,Copyright (c) 2016 Mock BMP Data Generator,,,,,12.1.1.81
init,8fcc4289-0f25-44a8-9f33-874e499a503b,LEAF-72000-72082,ff1991eadeb914356d1da1660c72d7fd,12.1.1.82,Copyright (c) 2016 Mock BMP Data Generator,,,,,12.1.1.82
init,adb7b107-2888-4fbc-a984-7ab0277521c9,LEAF-72000-72083,b871f50bde0d92463eb8135af58a2b7f,12.1.1.83,Copyright (c) 2016 Mock BMP Data Generator,,,,,12.1.1.83
init,93e919f9-2835-4db7-a518-6d7170932bcd,LEAF-72000-72084,eafa952dd6ef973852b2e08c188314ae,12.1.1.84,Copyright (c) 2016 Mock BMP Data Generator,,,,,12.1.1.84
init,f39aafc4-3ae8-4a67-a1d2-ddf455c1d2c3,LEAF-72000-72085,2f905dc7e7c01e17b02d732026ade698,12.1.1.85,Copyright (c) 2016 Mock BMP Data Generator,,,,,12.1.1.85
init,a59b81cb-2c60-4bd6-8e43-d58b451ce9dc,LEAF-72000-72086,2c8d8f10e3b72a2db62bf3e367d4f4c4,12.1.1.86,Copyright (c) 2016 Mock BMP Data Generator,,,,,12.1.1.86
init,44d3faf1-4989-4ff8-9ebc-7c212103c309,LEAF-72000-72087,2509333c3b05c60e8553bf97427060e6,12.1.1.87,Copyright (c) 2016 Mock BMP Data Generator,,,,,12.1.1.87
init,587189fb-7be8-42e9-8bb3-87583398d9e3,LEAF-72000-72088,05bd3e6b9e194cc65d515ea9d8d49ace,12.1.1.88,Copyright (c) 2016 Mock BMP Data Generator,,,,,12.1.1.88
init,974e7432-d814-477e-b07d-5c1e1a569030,LEAF-72000-72089,c34a2e7212e3df48c141914eea27980e,12.1.1.89,Copyright (c) 2016 Mock BMP Data Generator,,,,,12.1.1.89
init,d9844f6e-b249-4277-ac1e-c049fe439476,LEAF-72000-72090,a921742b782cb5cd71078a079423a509,12.1.1.90,Copyright (c) 2016 Mock BMP Data Generator,,,,,12.1.1.90
init,ff72d80e-8eea-416c-83db-554f95754405,LEAF-72000-72091,f093fd08f8d0cdcc04c5939e0c2ba293,12.1.1.91,Copyright (c) 2016 Mock BMP Data Generator,,,,,12.1.1.91
init,3b518b66-9ab2-4741-bc09-154177ebc977,LEAF-72000-72092,25a3994b3cd26aadd9f6ead48adcee58,12.1.1.92,Copyright (c) 2016 Mock BMP Data Generator,,,,,12.1.1.92
init,70317fc1-a491-486e-a9c8-62c2c08460dd,LEAF-72000-72093,582a0b266737db311851edb74cf4ea57,12.1.1.93,Copyright (c) 2016 Mock BMP Data Generator,,,,,12.1.1.93
init,9872a5bb-3a74-430e-b67d-a44e82f11807,LEAF-72000-72094,cb7dd3dec68107dca5aa2e820dda2245,12.1.1.94,Copyright (c) 2016 Mock BMP Data Generator,,,,,12.1.1.94
init,77eb9f5e-9bae-4e72-a2fc-4c07151f57b0,LEAF-72000-72095,96a35fa3f8e988436ad8554cd5a6a115,12.1.1.95,Copyright (c) 2016 Mock BMP Data Generator,,,,,12.1.1.95
init,c69e3d36-a9fd-4f3c-bc49-d53e9b8a467e,LEAF-72000-72096,5d1f7e098348ac5b08d115b513c32aea,12.1.1.96,Copyright (c) 2016 Mock BMP Data Generator,,,,,12.1.1.96
init,dfcfb49e-9584-4868-a247-2fd72a041667,LEAF-72000-72097,d66c46cc34c37ba9a501da4934b8fd32,12.1.1.97,Copyright (c) 2016 Mock BMP Data Generator,,,,,12.1.1.97
init,12059912-2e86-473c-b153-daf3f0c0bc67,LEAF-72000-72098,91749f991e04246886040fc043468e40,12.1.1.98,Copyright (c) 2016 Mock BMP Data Generator,,,,,12.1.1.98
init,b6b4f679-e516-4e39-9b5a-6f0683ed83e4,LEAF-72000-72099,ce91b8cbe9de26ef1b97534747f2b991,12.1.1.99,Copyright (c) 2016 Mock BMP Data Generator,,,,,12.1.1.99
init,1930517e-0280-493d-8105-32e5c11c6716,LEAF-72000-72100,4f51af3da378fdd768041bdcef7a2e61,12.1.1.100,Copyright (c) 2016 Mock BMP Data Generator,,,,,12.1.1.100
init,432d048d-e7e4-4d99-a49c-e34feb21480b,LEAF-72000-72101,ebf651aaef612571f36e1f2e98efda87,12.1.1.101,Copyright (c) 2016 Mock BMP Data Generator,,,,,12.1.1.101
init,940be5a0-7753-4b5f-8852-d811f9928449,LEAF-72000-72102,278996ad86dbe2769af68cfd742f0c2b,12.1.1.102,Copyright (c) 2016 Mock BMP Data Generator,,,,,12.1.1.102
init,421ccab0-4b0b-40aa-85c8-93220dc7c9c0,LEAF-72000-72103,0ac139b91effeed2d0e048038b898f17,12.1.1.103,Copyright (c) 2016 Mock BMP Data Generator,,,,,12.1.1.103
init,f816c883-2463-4797-88d2-88fbbc3ca428,LEAF-72000-72104,4f58af99b8373701d01c265d744de174,12.1.1.104,Copyright (c) 2016 Mock BMP Data Generator,,,,,12.1.1.104
init,680cdc7f-642a-4ca4-a924-bd73253de7fd,LEAF-72000-72105,8bccb98c381459a6dcaa61c2f1d74899,12.1.1.105,Copyright (c) 2016 Mock BMP Data Generator,,,,,12.1.1.105
init,d332ca59-3e46-4a07-9021-0aed6676d0bb,LEAF-72000-72106,6c4c6db525c7305ba2ed7186091f3cbc,12.1.1.106,Copyright (c) 2016 Mock BMP Data Generator,,,,,12.1.1.106
init,9f54c659-67d8-4d6e-acd3-ea014e9cea99,LEAF-72000-72107,2bbf964ec285165d72e0395b5d59c290,12.1.1.107,Copyright (c) 2016 Mock BMP Data Generator,,,,,12.1.1.107
init,a254b8fb-74b8-4428-9a41-ae2a1c4fb86e,LEAF-72000-72108,a413a6032b02fc10e96aa2c14c267fb7,12.1.1.108,Copyright (c) 2016 Mock BMP Data Generator,,,,,12.1.1.108
init,a20c6ccc-279d-414a-9cd6-e368d99b8580,LEAF-72000-72109,59ad924d869295e6646d838a29780333,12.1.1.109,Copyright (c) 2016 Mock BMP Data Generator,,,,,12.1.1.109
init,eae53f4f-5306-4387-a608-92943414780a,LEAF-72000-72110,06726b96bdb50f309ae8b16ff1c5f9f4,12.1.1.110,Copyright (c) 2016 Mock BMP Data Generator,,,,,12.1.1.110
init,594015d1-fe75-4b85-924a-31c43990f69e,LEAF-72000-72111,563ffc232434693979dfa0e15c61ac28,12.1.1.111,Copyright (c) 2016 Mock BMP Data Generator,,,,,12.1.1.111
init,9a549ccc-151f-441e-a0d6-fcd9cc20eab7,LEAF-72000-72112,54238b18f433354234773f6c8ffc03de,12.1.1.112,Copyright (c) 2016 Mock BMP Data Generator,,,,,12.1.1.112
init,1b36066f-02f4-44d7-b134-8d1b88a1c0dd,LEAF-72000-72113,9e51baea77b5513a23eef1b905f446cb,12.1.1.113,Copyright (c) 2016 Mock BMP Data Generator,,,,,12.1.1.113
init,952578f7-7d31-4da8-86e3-14a4690219e2,LEAF-72000-72114,2d297e0d2d55cc2d54d637cef510c03c,12.1.1.114,Copyright (c) 2016 Mock BMP Data Generator,,,,,12.1.1.114
init,28f7d2e4-d67c-4f94-bc90-04c31e6e872e,LEAF-72000-72115,dab0d222371aea62a4c8550e4aa0cc8a,12.1.1.115,Copyright (c) 2016 Mock BMP Data Generator,,,,,12.1.1.115
init,59898fb3-71f7-456b-85a5-a540d5eb5658,LEAF-72000-72116,9419d89a56aa14f00a69c61ff5e6dd1f,12.1.1.116,Copyright (c) 2016 Mock BMP Data Generator,,,,,12.1.1.116
init,d35019f3-5ea8-4223-8b61-765754e7fb49,LEAF-72000-72117,110e55a9f08201e83780078d2e45c241,12.1.1.117,Copyright (c) 2016 Mock BMP Data Generator,,,,,12.1.1.117
init,e6b95396-7d2f-4e65-af0c-93f4a2c4969e,LEAF-72000-72118,842196e134d1bc3e1cf6eab5e966b5d0,12.1.1.118,Copyright (c) 2016 Mock BMP Data Generator,,,,,12.1.1.118
init,725b077e-45df-4c99-bd8c-34e4ab4ae0af,LEAF-72000-72119,b9fc3792da0d301abcfc969798608569,12.1.1.119,Copyright (c) 2016 Mock BMP Data Generator,,,,,12.1.1.119
init,c30ba824-1f2a-4cc4-975a-46cfffcc284f,LEAF-72000-72120,741867d0ce6518e1616bc82564390dac,12.1.1.120,Copyright (c) 2016 Mock BMP Data Generator,,,,,12.1.1.120
init,148e4164-8d05-4325-96ad-af1d90462125,LEAF-72000-72121,5f9678a5abd272b3bb1edc7d4fd847d3,12.1.1.121,Copyright (c) 2016 Mock BMP Data Generator,,,,,12.1.1.121
init,e34b5b91-9c8b-4b60-afe5-c90a8c2f2dba,LEAF-72000-72122,5b0afcd9b1fd7e6f879c9a3fe031579e,12.1.1.122,Copyright (c) 2016 Mock BMP Data Generator,,,,,12.1.1.122
init,b28f3772-2a8c-49c6-92d7-42032ebadce3,LEAF-72000-72123,83cc6ed56e1348ad4e2f62a4265d4ece,12.1.1.123,Copyright (c) 2016 Mock BMP Data Generator,,,,,12.1.1.123
init,a4b8fd6e-b6fa-4d16-9a0a-6adae578e9b9,LEAF-72000-72124,e7e52c67770aaab6033e9081a5475483,12.1.1.124,Copyright (c) 2016 Mock BMP Data Generator,,,,,12.1.1.124
init,39a0f3ac-e744-4a9e-b096-99791ef379d3,LEAF-72000-72125,506a1bc0e7a3312a3a4eb772d9ebe4df,12.1.1.125,Copyright (c) 2016 Mock BMP Data Generator,,,,,12.1.1.125
init,d723fb43-2a4b-417e-80b2-27d1e82d983f,LEAF-72000-72126,fb16446fc9e279747cb1358fca308068,12.1.1.126,Copyright (c) 2016 Mock BMP Data Generator,,,,,12.1.1.126
init,d883fed5-00df-43d5-9ccf-c248ce3d89e5,LEAF-72000-72127,ad6afc7cf9701ac773afe29e2c63662e,12.1.1.127,Copyright (c) 2016 Mock BMP Data Generator,,,,,12.1.1.127
init,b3ba96a8-4c5b-4caf-b278-5b8df9c148bd,LEAF-72000-72128,430701ff1e4a7593b3ef474836e79516,12.1.1.128,Copyright (c) 2016 Mock BMP Data Generator,,,,,12.1.1.128
init,82593dcb-8c7f-47dc-a549-cffbab008433,LEAF-72000-72129,2c5b545b662eb5eca10b234c43816de6,12.1.1.129,Copyright (c) 2016 Mock BMP Data Generator,,,,,12.1.1.129
init,6febbde7-9551-44a7-ba8a-bf316a02ea4d,LEAF-72000-72130,08afd39a26b6c266955deaa7722e637a,12.1.1.130,Copyright (c) 2016 Mock BMP Data Generator,,,,,12.1.1.130
init,36f2c9ef-ee77-4e75-a266-3d26cf878633,LEAF-72000-72131,42bef9b2689d3c4a473c8f2924a9fc4e,12.1.1.131,Copyright (c) 2016 Mock BMP Data Generator,,,,,12.1.1.131
init,e5e96b14-7412-471f-82f1-8bb617d10cae,LEAF-72000-72132,ebc7b2ebc447187672712b5753bf2f9d,12.1.1.132,Copyright (c) 2016 Mock BMP Data Generator,,,,,12.1.1.132
init,89352b6c-5966-42c5-b45a-f91b2c05699f,LEAF-72000-72133,2536df2cb113c5603ccf1c4914093ecb,12.1.1.133,Copyright (c) 2016 Mock BMP Data Generator,,,,,12.1.1.133
init,d783e2af-ace8-4961-966a-e3cc66a58e87,LEAF-72000-72134,e75b6f0161ef5c9e86c557e12d19a846,12.1.1.134,Copyright (c) 2016 Mock BMP Data Generator,,,,,12.1.1.134
init,0a7d84b5-32a0-4ac5-9561-7203d25598cc,LEAF-72000-72135,860fcc3ce23cb141d9b2b9e16fb5191a,12.1.1.135,Copyright (c) 2016 Mock BMP Data Generator,,,,,12.1.1.135
init,2b955b9c-5e1b-43d3-bc3d-16c8d68cadfc,LEAF-72000-72136,b17ca67d2c8d47c9396c8e3c49768df0,12.1.1.136,Copyright (c) 2016 Mock BMP Data Generator,,,,,12.1.1.136
init,6039a18f-7438-40c2-a38f-8366c8dc77f6,LEAF-72000-72137,a63bb2a1cd74bb8c1e442c5b1fb8294f,12.1.1.137,Copyright (c) 2016 Mock BMP Data Generator,,,,,12.1.1.137
init,9a0feada-9c79-4386-b59a-d509f1b24d4d,LEAF-72000-72138,718beee98e0f6128da10e0d451109335,12.1.1.138,Copyright (c) 2016 Mock BMP Data Generator,,,,,12.1.1.138
init,ae33ca22-51a8-4654-93af-249672b14a4f,LEAF-72000-72139,4a4ac40bb4f0f9b5c38a41a1756a067e,12.1.1.139,Copyright (c) 2016 Mock BMP Data Generator,,,,,12.1.1.139
init,bd5e145e-69c6-4f14-8cf5-bd7f176f5378,LEAF-72000-72140,1558f0601b98bfed6ae977317eaaaf13,12.1.1.140,Copyright (c) 2016 Mock BMP Data Generator,,,,,12.1.1.140
init,4bf57f1a-8313-414b-a644-ac67b391538e,LEAF-72000-72141,c070bc7799bed61e897b65a7bf88957e,12.1.1.141,Copyright (c) 2016 Mock BMP Data Generator,,,,,12.1.1.141
init,c0fb789d-1453-4ddf-9812-3a3df4206616,LEAF-72000-72142,bfa1443f6a8955ee9b8744b007bd5009,12.1.1.142,Copyright (c) 2016 Mock BMP Data Generator,,,,,12.1.1.142
init,e90b7901-9317-4966-b74f-e1163afeda93,LEAF-72000-72143,41db554c0255f0ea7394f6846b412f46,12.1.1.143,Copyright (c) 2016 Mock BMP Data Generator,,,,,12.1.1.143
init,f52f79a9-c1c3-4cde-a8aa-368fe512bb42,LEAF-72000-72144,648f56880d3aa3aa1b1036d6826e8f50,12.1.1.144,Copyright (c) 2016 Mock BMP Data Generator,,,,,12.1.1.144
init,a4002daf-7fe6-4aef-b9be-5131c05d8858,LEAF-72000-72145,ac4337b07bf361183241498744f414fd,12.1.1.145,Copyright (c) 2016 Mock BMP Data Generator,,,,,12.1.1.145
init,f5a3c8da-8603-4321-be03-ca78b98969b1,LEAF-72000-72146,bf5478710afa31b3a77c4d7189e8830e,12.1.1.146,Copyright (c) 2016 Mock BMP Data Generator,,,,,12.1.1.146
init,5562e241-aad1-4227-84ee-6f0fb87cef82,LEAF-72000-72147,cbcf4fb2a9b9c475dba83756832cfbae,12.1.1.147,Copyright (c) 2016 Mock BMP Data Generator,,,,,12.1.1.147
init,8e06f661-bcb3-4758-a8cd-92a99b6ca80d,LEAF-72000-72148,8ab42c90eedf4cdc987b8b9b3ecf97bf,12.1.1.148,Copyright (c) 2016 Mock BMP Data Generator,,,,,12.1.1.148
init,6def176d-8fb0-4fad-8a92-022d0e40c69c,LEAF-72000-72149,551a935915901f2186a464a0459678f0,12.1.1.149,Copyright (c) 2016 Mock BMP Data Generator,,,,,12.1.1.149
init,303e3e65-607d-4efb-95cf-99d565776407,LEAF-72000-72150,a7ae7126fa8bb3ad482cf7b120864a19,12.1.1.150,Copyright (c) 2016 Mock BMP Data Generator,,,,,12.1.1.150
init,933ceff0-f85c-49e0-9f0e-898d3cc17422,LEAF-72000-72151,7a2eb9ad2cd0f897e03575c86ebbc4c4,12.1.1.151,Copyright (c) 2016 Mock BMP Data Generator,,,,,12.1.1.151
init,aab954a4-803c-42d5-b0c0-440aa22c52d8,LEAF-72000-72152,303fdfa9b4ab2c8d91aebbb7001fab37,12.1.1.152,Copyright (c) 2016 Mock BMP Data Generator,,,,,12.1.1.152
init,760ca63a-e730-46fc-ac16-6df728481f67,LEAF-72000-72153,53d5ccb9a6164ff5ea7d1c32e908f83d,12.1.1.153,Copyright (c) 2016 Mock BMP Data Generator,,,,,12.1.1.153
init,8f34a423-a648-4c3f-b238-82535479dc80,LEAF-72000-72154,70315707807313097121a5afe0a429d8,12.1.1.154,Copyright (c) 2016 Mock BMP Data Generator,,,,,12.1.1.154
init,1f9e0a58-d43a-49af-81a9-9ae4de46a65c,LEAF-72000-72155,8defc47a3dd2b248e56a01ef52389ddc,12.1.1.155,Copyright (c) 2016 Mock BMP Data Generator,,,,,12.1.1.155
init,b62df6f3-f3b5-48f0-a0ca-e8e22ea6e900,LEAF-72000-72156,249cd6f5a10bd0100125f138935e1ef9,12.1.1.156,Copyright (c) 2016 Mock BMP Data Generator,,,,,12.1.1.156
init,b575a823-4fba-4415-81f2-982866f2e817,LEAF-72000-72157,a43ebf6018945369006056e36a47d4c9,12.1.1.157,Copyright (c) 2016 Mock BMP Data Generator,,,,,12.1.1.157
init,61a57e54-75bf-47ce-9773-05f0a16acc23,LEAF-72000-72158,0fe1cba1bc5796a34e2bdfa1a31649ed,12.1.1.158,Copyright (c) 2016 Mock BMP Data Generator,,,,,12.1.1.158
init,4e9a8a48-e843-4b08-920f-84a10eadfae5,LEAF-72000-72159,d19e6e019c670b9ef226b78d62d90c1f,12.1.1.159,Copyright (c) 2016 Mock BMP Data Generator,,,,,12.1.1.159
init,58409074-d89d-4a98-920b-ef096bf2720a,LEAF-72000-72160,6ca73b9e217ed6b74201658256bb0b5d,12.1.1.160,Copyright (c) 2016 Mock BMP Data Generator,,,,,12.1.1.160
init,4807750b-d98e-4e1c-89fa-0b087e7fe622,LEAF-72000-72161,796fb63c947123e38277276da0046798,12.1.1.161,Copyright (c) 2016 Mock BMP Data Generator,,,,,12.1.1.161
init,ff3d1889-f875-4d24-b104-263107042d17,LEAF-72000-72162,b95e3cc205667657825ed0be25081a44,12.1.1.162,Copyright (c) 2016 Mock BMP Data Generator,,,,,12.1.1.162
init,0a813b7d-eb3d-472b-a5f0-86c7ccaf1320,LEAF-72000-72163,920cf9d0ba206328bb6bd58e515e4443,12.1.1.163,Copyright (c) 2016 Mock BMP Data Generator,,,,,12.1.1.163
init,e4e08e1d-fe61-4230-9b3a-3db0b23fec9f,LEAF-72000-72164,4dd4d476fbe205c32bec3d66dba33f50,12.1.1.164,Copyright (c) 2016 Mock BMP Data Generator,,,,,12.1.1.164
init,3f84f8ec-d20c-4bd9-aa52-6931a5be8bb2,LEAF-72000-72165,b3898e935dc2f1e6210189bd919f5b51,12.1.1.165,Copyright (c) 2016 Mock BMP Data Generator,,,,,12.1.1.165
init,751ea453-b623-4a15-9287-16e3a809fcdc,LEAF-72000-72166,8393af0fd3beed7751b55d972805aa90,12.1.1.166,Copyright (c) 2016 Mock BMP Data Generator,,,,,12.1.1.166
init,57446917-7b85-4b9a-8a6c-42c12364810b,LEAF-72000-72167,2440a1c732df55ca7b129c59d1222e7a,12.1.1.167,Copyright (c) 2016 Mock BMP Data Generator,,,,,12.1.1.167
init,3d965f9c-24b7-4221-81e6-6a1899e23280,LEAF-72000-72168,619a249e7d297c497b8cb06e39e00e33,12.1.1.168,Copyright (c) 2016 Mock BMP Data Generator,,,,,12.1.1.168
init,da1ce25a-68b4-492a-84c4-9bd740d4b0c6,LEAF-72000-72169,9a3929a28d7226b73e661d60db7a71da,12.1.1.169,Copyright (c) 2016 Mock BMP Data Generator,,,,,12.1.1.169
init,9d060d80-a1e4-4f21-9016-ec8d46e92301,LEAF-72000-72170,3aeeca65384b92765d1f38b9e80f1aea,12.1.1.170,Copyright (c) 2016 Mock BMP Data Generator,,,,,12.1.1.170
init,f1478408-d36f-4919-978c-152f101816cb,LEAF-72000-72171,1aa9b4bd08d4d05df908b9aa17b103e2,12.1.1.171,Copyright (c) 2016 Mock BMP Data Generator,,,,,12.1.1.171
init,56fd73e3-b4e3-44d5-b257-920477b75ec5,LEAF-72000-72172,528ba0fb102b536d43945aa8d5873cbb,12.1.1.172,Copyright (c) 2016 Mock BMP Data Generator,,,,,12.1.1.172
init,778319ca-ef91-4a74-b91c-5a867353ccda,LEAF-72000-72173,1014e867c8e30ad05e33a9d531c41fc7,12.1.1.173,Copyright (c) 2016 Mock BMP Data Generator,,,,,12.1.1.173
init,f42c9757-4895-4a6a-8923-b3c59ec9b42f,LEAF-72000-72174,be816855c1fa8e6e729c8a987f78c415,12.1.1.174,Copyright (c) 2016 Mock BMP Data Generator,,,,,12.1.1.174
init,c752f46e-8cba-4571-8fc3-a5ad52418fd2,LEAF-72000-72175,2e304c2bfe98416572713245133bcc06,12.1.1.175,Copyright (c) 2016 Mock BMP Data Generator,,,,,12.1.1.175
init,c6eab792-0da6-4df8-ace5-f17b27c757ee,LEAF-72000-72176,87478d799e9b5b1eed6bef1bed72e891,12.1.1.176,Copyright (c) 2016 Mock BMP Data Generator,,,,,12.1.1.176
init,1b8bad54-684b-4ddc-a039-6ce58d7baf46,LEAF-72000-72177,bd34d0c14e8e914bc1dcd59603458fb6,12.1.1.177,Copyright (c) 2016 Mock BMP Data Generator,,,,,12.1.1.177
init,a24be698-23fd-4081-874e-14307b8a76dd,LEAF-72000-72178,1ef3078a99354d13ccb2d4ebc75d0806,12.1.1.178,Copyright (c) 2016 Mock BMP Data Generator,,,,,12.1.1.178
init,0b8fde22-754e-43a8-9bc4-a5872b344b57,LEAF-72000-72179,7ef610e58cc87dc8fa467ea628e637ae,12.1.1.179,Copyright (c) 2016 Mock BMP Data Generator,,,,,12.1.1.179
init,39f95e79-8459-4fa6-a26b-ebc86c3a719e,LEAF-72000-72180,dccc414f108ed092bb80bc63337ab879,12.1.1.180,Copyright (c) 2016 Mock BMP Data Generator,,,,,12.1.1.180
init,a0496322-841f-4eb3-b6ec-cc5262d14dfc,LEAF-72000-72181,624c85e137c9d94ce693741354f86ae6,12.1.1.181,Copyright (c) 2016 Mock BMP Data Generator,,,,,12.1.1.181
init,84c88036-17cc-4d6c-8688-3e72eb17b3d8,LEAF-72000-72182,2f8a39699fd8477afd7b68db233424e1,12.1.1.182,Copyright (c) 2016 Mock BMP Data Generator,,,,,12.1.1.182
init,b9c9e619-452f-4124-8b17-ff9c9220bbbb,LEAF-72000-72183,e45ce59b93cb3e1bc4f3d1783c34b8da,12.1.1.183,Copyright (c) 2016 Mock BMP Data Generator,,,,,12.1.1.183
init,ac7915b2-fdfc-4c69-895c-7a697ae8ab9d,LEAF-72000-72184,21ff4fe38476a2ec88ea0f5c4e029f9e,12.1.1.184,Copyright (c) 2016 Mock BMP Data Generator,,,,,12.1.1.184
init,84177425-b341-4cb3-8d43-6a3944077fda,LEAF-72000-72185,e63675cfad95574c79d0557863a44a46,12.1.1.185,Copyright (c) 2016 Mock BMP Data Generator,,,,,12.1.1.185
init,351f0a06-a57f-491f-9dd1-09a36bf06d60,LEAF-72000-72186,0dabfb1f92e223b32572c9bc65ab0e43,12.1.1.186,Copyright (c) 2016 Mock BMP Data Generator,,,,,12.1.1.186
init,f5b1fcd8-047e-42d3-b5c0-c1ae412db994,LEAF-72000-72187,5f560ac19b5111fe808008527d798965,12.1.1.187,Copyright (c) 2016 Mock BMP Data Generator,,,,,12.1.1.187
init,74bbdeba-b4fb-429b-9a9e-79fde2aec053,LEAF-72000-72188,8f8f4d87567ad31f0d4a7c460d0b196a,12.1.1.188,Copyright (c) 2016 Mock BMP Data Generator,,,,,12.1.1.188
init,5bdddf19-7dd8-47dd-854c-c2d0f8a19733,LEAF-72000-72189,cce143a843b4a36e108831ce5fa2ba86,12.1.1.189,Copyright (c) 2016 Mock BMP Data Generator,,,,,12.1.1.189
init,e22f1efd-51b9-4397-8f62-ca30874a831e,LEAF-72000-72190,13c61a87f4359d5a6f0b6ff2e252efca,12.1.1.190,Copyright (c) 2016 Mock BMP Data Generator,,,,,12.1.1.190
init,7bab19c3-1cca-46b5-9fdd-e70751a94927,LEAF-72000-72191,1181627212900ba8d207f5721733dd54,12.1.1.191,Copyright (c) 2016 Mock BMP Data Generator,,,,,12.1.1.191
init,e3220497-b3f3-4082-a884-c64cf072fa46,LEAF-72000-72192,e61a3f5354d82d9aa961d235df22f799,12.1.1.192,Copyright (c) 2016 Mock BMP Data Generator,,,,,12.1.1.192
init,2471f772-c5ed-4d9a-8088-37cd2827b7b9,LEAF-72000-72193,ea693c169473f51643a681cd5876c72c,12.1.1.193,Copyright (c) 2016 Mock BMP Data Generator,,,,,12.1.1.193
init,855807a7-1fdd-4334-a50b-07ede62ecb96,LEAF-72000-72194,e1443b865299f2793733e82edb9cbbf4,12.1.1.194,Copyright (c) 2016 Mock BMP Data Generator,,,,,12.1.1.194
init,760c8525-da17-408c-adf0-c29658dc780d,LEAF-72000-72195,3ef04a68d646e0a44f96e6360b324ab8,12.1.1.195,Copyright (c) 2016 Mock BMP Data Generator,,,,,12.1.1.195
init,52a4e7d9-9178-41bf-81f1-b58160a0bdd5,LEAF-72000-72196,a778850c87fdfef02a6a7cc7ecfb09cb,12.1.1.196,Copyright (c) 2016 Mock BMP Data Generator,,,,,12.1.1.196
init,7bc473d0-06b6-4321-94d0-34bb062f553e,LEAF-72000-72197,617c52140aebc6fcc66f8b1f82de2f45,12.1.1.197,Copyright (c) 2016 Mock BMP Data Generator,,,,,12.1.1.197
init,b63a3898-6c98-4f1d-8538-c5bc99644140,LEAF-72000-72198,d5a7610bd91849a1e9097f1c122a1da2,12.1.1.198,Copyright (c) 2016 Mock BMP Data Generator,,,,,12.1.1.198
init,a89a7dfc-3d0e-4d96-aa45-a6885cf1f258,LEAF-72000-72199,0ca85d47df74bd3cbf1de23e0d153edd,12.1.1.199,Copyright (c) 2016 Mock BMP Data Generator,,,,,12.1.1.199
init,6d2bcc6f-a93f-4885-a020-e6457fce8fdf,LEAF-72000-72200,64bab92239f657e1b44901d1c9c72581,12.1.1.200,Copyright (c) 2016 Mock BMP Data Generator,,,,,12.1.1.200
init,7f7fd0ca-a956-4a19-a78a-d0ed37ea93c5,LEAF-72000-72201,e9932de07461b78776cd187472580eca,12.1.1.201,Copyright (c) 2016 Mock BMP Data Generator,,,,,12.1.1.201
init,abe27247-036c-4a3d-9214-87286d8f0518,LEAF-72000-72202,38753be5a7665ebb845aa04602042c21,12.1.1.202,Copyright (c) 2016 Mock BMP Data Generator,,,,,12.1.1.202
init,14f5db5f-782f-4d0d-a228-eb650c494203,LEAF-72000-72203,b009ed8f45bbff67e97decce99724cd3,12.1.1.203,Copyright (c) 2016 Mock BMP Data Generator,,,,,12.1.1.203
init,cd51ced2-7a08-4a06-bf24-08cde8299b26,LEAF-72000-72204,2520ae766196a358026c6813d5d7069a,12.1.1.204,Copyright (c) 2016 Mock BMP Data Generator,,,,,12.1.1.204
init,3fc79e2b-c77e-4fa2-b7a1-7ca3bbb6d6ad,LEAF-72000-72205,6c4b5b03b1a9a72f8a90e02d7e1ea0c0,12.1.1.205,Copyright (c) 2016 Mock BMP Data Generator,,,,,12.1.1.205
init,b9f8ba8a-36f4-4dc0-86d2-6130f99f9325,LEAF-72000-72206,10c768a9badab5daea036d0ec0d06dcc,12.1.1.206,Copyright (c) 2016 Mock BMP Data Generator,,,,,12.1.1.206
init,e10cf46f-45ff-42a3-8442-431296e20447,LEAF-72000-72207,609c1b951b8bac5d3d894506a68f2632,12.1.1.207,Copyright (c) 2016 Mock BMP Data Generator,,,,,12.1.1.207
init,0a82a721-b664-4f69-b554-25cf5f1dd424,LEAF-72000-72208,6e5cc9ed28569614c05d37ba9eb476ad,12.1.1.208,Copyright (c) 2016 Mock BMP Data Generator,,,,,12.1.1.208
init,96220561-152b-4551-8f2a-9ef8698aa43e,LEAF-72000-72209,5ce8ffe5fe3737aa6621436abdf45912,12.1.1.209,Copyright (c) 2016 Mock BMP Data Generator,,,,,12.1.1.209
init,04b77fce-9cbc-42f8-ad3e-0c54de533c1d,LEAF-72000-72210,4cc0ade038692e1c891eaed9b514c652,12.1.1.210,Copyright (c) 2016 Mock BMP Data Generator,,,,,12.1.1.210
init,87c6189c-b0ae-4a10-81a2-d14399698691,LEAF-72000-72211,4638889423054c306819289e1b474c8e,12.1.1.211,Copyright (c) 2016 Mock BMP Data Generator,,,,,12.1.1.211
init,e1220fc3-e407-452e-b234-02a09c9b59e2,LEAF-72000-72212,31910633350f9beb933c6104cb915f45,12.1.1.212,Copyright (c) 2016 Mock BMP Data Generator,,,,,12.1.1.212
init,e7e94723-69ef-42c7-bb48-e61a087ad514,LEAF-72000-72213,e7869e44ff8686d44cca332029172408,12.1.1.213,Copyright (c) 2016 Mock BMP Data Generator,,,,,12.1.1.213
init,711b4263-e098-4318-a761-da351c192c35,LEAF-72000-72214,c75686621c567feb58e7e5ea14f172fa,12.1.1.214,Copyright (c) 2016 Mock BMP Data Generator,,,,,12.1.1.214
init,6e26ecf0-08c1-42d4-aac1-1a291caeda3d,LEAF-72000-72215,7ee9852db759ad934b671f45dbf0c18f,12.1.1.215,Copyright (c) 2016 Mock BMP Data Generator,,,,,12.1.1.215
init,21aa959c-c611-45c1-b5e9-60f516716d60,LEAF-72000-72216,0943abd888c60a2c929a9253c7202d0f,12.1.1.216,Copyright (c) 2016 Mock BMP Data Generator,,,,,12.1.1.216
init,bb0b6ab7-3dee-4d29-bc88-84b5067b6586,LEAF-72000-72217,d61ed408a8f2d55a399eeb4f5b556df7,12.1.1.217,Copyright (c) 2016 Mock BMP Data Generator,,,,,12.1.1.217
init,fab9d91e-15eb-4341-82d2-8a81d2b84c72,LEAF-72000-72218,de97698013ea100a0f82deabd9fcb63b,12.1.1.218,Copyright (c) 2016 Mock BMP Data Generator,,,,,12.1.1.218
init,82515717-154f-46d5-98dc-a584a1c05f13,LEAF-72000-72219,3d562ebc7e52d10ed421b6e9fd1e8216,12.1.1.219,Copyright (c) 2016 Mock BMP Data Generator,,,,,12.1.1.219
init,e1d69a9e-2e79-4346-b4c7-7b1705c189bd,LEAF-72000-72220,1b58e7106e2f033753f16f3bd9199d74,12.1.1.220,Copyright (c) 2016 Mock BMP Data Generator,,,,,12.1.1.220
init,dd244043-5d99-4fce-aae5-7b9494344be7,LEAF-72000-72221,8e3bea00ef157ae02baba30fa63e7a91,12.1.1.221,Copyright (c) 2016 Mock BMP Data Generator,,,,,12.1.1.221
init,9e7b1e4e-83aa-4db1-b04c-e2288bfbc63d,LEAF-72000-72222,4df7db4e8deb71850fcc5041bf172ed2,12.1.1.222,Copyright (c) 2016 Mock BMP Data Generator,,,,,12.1.1.222
init,fa24e1a4-e125-4983-9a4b-9c209ca2b31f,LEAF-72000-72223,06bc93c70a7ca91cd4dd52fd978d13b1,12.1.1.223,Copyright (c) 2016 Mock BMP Data Generator,,,,,12.1.1.223
init,51670481-5d1c-4e49-b4f3-9ac0e331a34c,LEAF-72000-72224,226f1be712f2667c936f4fa32f809cd5,12.1.1.224,Copyright (c) 2016 Mock BMP Data Generator,,,,,12.1.1.224
init,803a1636-c9be-4888-ac0c-6a163b65fc08,LEAF-72000-72225,b71c5b44ed4363fc0401dbdfea203538,12.1.1.225,Copyright (c) 2016 Mock BMP Data Generator,,,,,12.1.1.225
init,d6ef082c-de81-4638-a8df-27d4b8b39793,LEAF-72000-72226,7085df6195429e5f80be4b19302e376e,12.1.1.226,Copyright (c) 2016 Mock BMP Data Generator,,,,,12.1.1.226
init,4b865892-684d-40a7-bde2-e97c9e2664ef,LEAF-72000-72227,3c49777046d1dc999c3fed8de119dcdb,12.1.1.227,Copyright (c) 2016 Mock BMP Data Generator,,,,,12.1.1.227
init,fdf13169-82d9-4c4a-9647-f63a5240c5e4,LEAF-72000-72228,603b52e5c4c9c2aba19180bbe6628d10,12.1.1.228,Copyright (c) 2016 Mock BMP Data Generator,,,,,12.1.1.228
init,4df96f76-ab58-482f-8863-ae71f1ef168a,LEAF-72000-72229,3849bb5b35cfc00b4e370e3be54259eb,12.1.1.229,Copyright (c) 2016 Mock BMP Data Generator,,,,,12.1.1.229
init,c0456e3a-4c14-4ed1-a560-0be8865d66fd,LEAF-72000-72230,3b48d3172101c1b5b98daebff82954f6,12.1.1.230,Copyright (c) 2016 Mock BMP Data Generator,,,,,12.1.1.230
init,f5bd381f-8845-4bc9-8ee1-227d25dfb03a,LEAF-72000-72231,0906b7fb9679e43e77ec6253944934b2,12.1.1.231,Copyright (c) 2016 Mock BMP Data Generator,,,,,12.1.1.231
init,4b0c2b84-fa86-4901-8c6e-ddf172590bda,LEAF-72000-72232,0c4ac9cd78adb7464ca81c421cba66d8,12.1.1.232,Copyright (c) 2016 Mock BMP Data Generator,,,,,12.1.1.232
init,53107987-6e3f-4fc3-b1f4-241d6a29a981,LEAF-72000-72233,4a8e7f7eba84df24ce781cd41a9d9d3b,12.1.1.233,Copyright (c) 2016 Mock BMP Data Generator,,,,,12.1.1.233
init,040db2cf-0984-4064-b7e6-ff81946928b5,LEAF-72000-72234,864a1d6244ea0902d08eaa46b8016aad,12.1.1.234,Copyright (c) 2016 Mock BMP Data Generator,,,,,12.1.1.234
init,5f6fe221-208c-4de4-8a06-e6f87974d523,LEAF-72000-72235,828e587ecc844c7a19e7c87069b08906,12.1.1.235,Copyright (c) 2016 Mock BMP Data Generator,,,,,12.1.1.235
init,3e4f4401-1428-4670-bc3d-d208aeaa76d5,LEAF-72000-72236,b5e1fde8e3b16fb1193e99aea2940ea3,12.1.1.236,Copyright (c) 2016 Mock BMP Data Generator,,,,,12.1.1.236
init,aa40941b-33f6-4477-b0a6-d9e1b2bcda33,LEAF-72000-72237,58fa7bda8f77b811484e926921599440,12.1.1.237,Copyright (c) 2016 Mock BMP Data Generator,,,,,12.1.1.237
init,ce4dfa34-98e4-44a1-ae3e-7554e973c380,LEAF-72000-72238,2b1881488312b030c7fd3074cfa6e8fe,12.1.1.238,Copyright (c) 2016 Mock BMP Data Generator,,,,,12.1.1.238
init,321ed089-bc22-4f7c-bafa-be466ae323c6,LEAF-72000-72239,88fa773b02cb7682985f8865e22ef275,12.1.1.239,Copyright (c) 2016 Mock BMP Data Generator,,,,,12.1.1.239
init,4806eddc-d648-470c-b49e-f47a2342e601,LEAF-72000-72240,2d26ee9a367cb5846d27595f01d23c78,12.1.1.240,Copyright (c) 2016 Mock BMP Data Generator,,,,,12.1.1.240
init,58701bf6-d4f7-41a4-af21-9d3f2ec7c1b9,LEAF-72000-72241,36e643407d23e571032fe31f8f34ac8f,12.1.1.241,Copyright (c) 2016 Mock BMP Data Generator,,,,,12.1.1.241
init,03350dd0-0abc-4c24-9d7c-e3be65b675d7,LEAF-72000-72242,0bd50bc18197df1869b8bfb31e1879a3,12.1.1.242,Copyright (c) 2016 Mock BMP Data Generator,,,,,12.1.1.242
init,abad6703-fcb3-4fb5-994c-e5e3cc371e27,LEAF-72000-72243,a3e67742e561a529d77d2ac28dc13c8e,12.1.1.243,Copyright (c) 2016 Mock BMP Data Generator,,,,,12.1.1.243
init,c0ed1ffa-1896-4475-84a8-9bfb67caffd4,LEAF-72000-72244,20fff0f7d23dd373d32d055d896918c0,12.1.1.244,Copyright (c) 2016 Mock BMP Data Generator,,,,,12.1.1.244
init,d21474b5-fd82-42b2-b784-f3a0f86b915f,LEAF-72000-72245,356923f091f1560f536dfb12a9126a68,12.1.1.245,Copyright (c) 2016 Mock BMP Data Generator,,,,,12.1.1.245
init,a9cd0dc8-7d4b-4712-946e-cf0892c362f9,LEAF-72000-72246,37c6111833a5cf7108ad93ee0f767e23,12.1.1.246,Copyright (c) 2016 Mock BMP Data Generator,,,,,12.1.1.246
init,38ab9372-29be-4671-8c7b-635244314be6,LEAF-72000-72247,93b4a30d56e0dac0d8574256a46b2b38,12.1.1.247,Copyright (c) 2016 Mock BMP Data Generator,,,,,12.1.1.247
init,df625d6d-a6d8-41e5-8497-24afb73a74ce,LEAF-72000-72248,11299c110bf67c8d885c7d0903076d14,12.1.1.248,Copyright (c) 2016 Mock BMP Data Generator,,,,,12.1.1.248
init,83035d13-bc15-44dc-b399-fa9dd172533a,LEAF-72000-72249,8347bd1ab2f7d7671a36cb1d8602d88d,12.1.1.249,Copyright (c) 2016 Mock BMP Data Generator,,,,,12.1.1.249
init,96b5911c-f1ea-4ba1-94bb-4947a527f433,LEAF-72000-72250,4380a98ab4c2205a66d6a078bb250b1a,12.1.1.250,Copyright (c) 2016 Mock BMP Data Generator,,,,,12.1.1.250
init,1e2d45fa-46e0-4b9c-9153-e790d092b779,LEAF-72000-72251,d653318f9048d463c0ca7aaa4bb7a784,12.1.1.251,Copyright (c) 2016 Mock BMP Data Generator,,,,,12.1.1.251
init,3d83ca0d-7ffc-40ab-b904-65e99793ad63,LEAF-72000-72252,356fd4a5d4f4356be075c6dfcefab0d7,12.1.1.252,Copyright (c) 2016 Mock BMP Data Generator,,,,,12.1.1.252
init,86fe3571-2c3a-4212-a2db-8fce21986056,LEAF-72000-72253,be8189e98acb949e487c0dbe53d2360e,12.1.2.1,Copyright (c) 2016 Mock BMP Data Generator,,,,,12.1.2.1
init,52012509-4336-45b6-a7d9-ae7766265f0d,LEAF-72000-72254,64c5b866a1adf2838a9b70f9beadcc00,12.1.2.2,Copyright (c) 2016 Mock BMP Data Generator,,,,,12.1.2.2
init,13ab4195-4c0a-4867-a882-3e493670ee2a,LEAF-72000-72255,6ee7a43b662247fcac83407762741c08,12.1.2.3,Copyright (c) 2016 Mock BMP Data Generator,,,,,12.1.2.3
init,97612410-28b4-48ac-9cc7-02cbf5143eb6,LEAF-72000-72256,7474bd544b97376a2ae25957abab7cc9,12.1.2.4,Copyright (c) 2016 Mock BMP Data Generator,,,,,12.1.2.4
init,0d4c1013-f021-45d1-ad0a-1d7988db6223,LEAF-72000-72257,aa49ee1497d497c6310e20f854104be7,12.1.2.5,Copyright (c) 2016 Mock BMP Data Generator,,,,,12.1.2.5
init,92a88d50-27f4-4468-8003-40517a1a5b8a,LEAF-72000-72258,216479c0d7bd3e0121abb5f980aed0c5,12.1.2.6,Copyright (c) 2016 Mock BMP Data Generator,,,,,12.1.2.6
init,40c8eb80-779d-4443-8aa2-4bdf8c3e39f6,LEAF-72000-72259,37bead282e7a8b8f77135f104657971b,12.1.2.7,Copyright (c) 2016 Mock BMP Data Generator,,,,,12.1.2.7
init,0eac9ef6-c462-426c-8652-ca1673a11a12,LEAF-72000-72260,4dfe64ddeaad37600b345387e2cdaff0,12.1.2.8,Copyright (c) 2016 Mock BMP Data Generator,,,,,12.1.2.8
init,500fa822-ba99-41fd-884a-9953ce9fd297,LEAF-72000-72261,c2c4bce9ef08dd116c8364c7e67263d6,12.1.2.9,Copyright (c) 2016 Mock BMP Data Generator,,,,,12.1.2.9
init,5a852441-9c3a-4dad-b941-85c22087f88a,LEAF-72000-72262,1c2229cac31f45854ae62b60e7e45b95,12.1.2.10,Copyright (c) 2016 Mock BMP Data Generator,,,,,12.1.2.10
init,e9e522b9-db7e-4383-a19b-010fdec6134a,LEAF-72000-72263,9dcfa7aeb04d9e8c6f50e88203ab78fe,12.1.2.11,Copyright (c) 2016 Mock BMP Data Generator,,,,,12.1.2.11
init,771e503c-f707-4a9e-be3e-d87fc50d1199,LEAF-72000-72264,4b4f7fec0c5dd3ab515198c233d231d9,12.1.2.12,Copyright (c) 2016 Mock BMP Data Generator,,,,,12.1.2.12
init,6aa0d1b1-0efd-4f31-a88c-5093aaaa1377,LEAF-72000-72265,a81e459bd76d8e8d489e9385239bf8b6,12.1.2.13,Copyright (c) 2016 Mock BMP Data Generator,,,,,12.1.2.13
init,52e39258-d775-43b4-9fed-db23da3d2cd8,LEAF-72000-72266,15875be4bd6d86836ad878b61bbe912a,12.1.2.14,Copyright (c) 2016 Mock BMP Data Generator,,,,,12.1.2.14
init,606e74df-8a37-43c2-b4a9-66e0cae4c8d9,LEAF-72000-72267,c41d98e5423fcaef69e53ac614426901,12.1.2.15,Copyright (c) 2016 Mock BMP Data Generator,,,,,12.1.2.15
init,9851b2aa-d279-477b-a43b-6aa5a40058cb,LEAF-72000-72268,4ff950b6549960c8eaeff8cdf77d5b30,12.1.2.16,Copyright (c) 2016 Mock BMP Data Generator,,,,,12.1.2.16
init,548e4e4b-077d-4a2c-8913-7170ccfbf526,LEAF-72000-72269,147f4516b8b5a451fbc3d4f1d2531180,12.1.2.17,Copyright (c) 2016 Mock BMP Data Generator,,,,,12.1.2.17
init,881ffb2d-e090-4255-b1da-1d4479fc4bc8,LEAF-72000-72270,fb1f4485d355080cc3f55e82d6d15a94,12.1.2.18,Copyright (c) 2016 Mock BMP Data Generator,,,,,12.1.2.18
init,ba8de4f0-db54-4469-8775-08d8b2948e33,LEAF-72000-72271,3b0bd0f5d65f8d33d87ce4d5d09d5e74,12.1.2.19,Copyright (c) 2016 Mock BMP Data Generator,,,,,12.1.2.19
init,2046c794-7aaa-4cde-b180-ee64763cfe16,LEAF-72000-72272,fca40dd6ca593c554587a9dc4541ff89,12.1.2.20,Copyright (c) 2016 Mock BMP Data Generator,,,,,12.1.2.20
init,27802b17-6cbd-4b33-a98c-35ce3a74d9e3,LEAF-72000-72273,8224d6c91e9088ea1a086c522d7a4a0b,12.1.2.21,Copyright (c) 2016 Mock BMP Data Generator,,,,,12.1.2.21
init,2d6c7a18-4d49-46d4-b5a4-6dbe5ca0bb13,LEAF-72000-72274,096ab8dc5908174514e6afc516814cdc,12.1.2.22,Copyright (c) 2016 Mock BMP Data Generator,,,,,12.1.2.22
init,0c700801-03ff-4129-abc3-3347bf8f8fcc,LEAF-72000-72275,ce42ee8e9c6ec424019ddcfc530c8a48,12.1.2.23,Copyright (c) 2016 Mock BMP Data Generator,,,,,12.1.2.23
init,3707a2ee-5011-4e98-995e-775b4f4934f4,LEAF-72000-72276,af0aea5803a2952eb0877aba21213ae3,12.1.2.24,Copyright (c) 2016 Mock BMP Data Generator,,,,,12.1.2.24
init,10b7c8c6-56e3-4a9c-835c-ed43312af4ca,LEAF-72000-72277,be110e69ea1030547d37d9644a7a8eb4,12.1.2.25,Copyright (c) 2016 Mock BMP Data Generator,,,,,12.1.2.25
init,c6c77a72-37ca-47ba-a3c1-628a90f6cc96,LEAF-72000-72278,cba46b3b15106167346509cb72e59f63,12.1.2.26,Copyright (c) 2016 Mock BMP Data Generator,,,,,12.1.2.26
init,db2eec36-b0b5-4b13-8e68-e056a2e48134,LEAF-72000-72279,9c97e362bbb0ba42e14418d405429099,12.1.2.27,Copyright (c) 2016 Mock BMP Data Generator,,,,,12.1.2.27
init,6f54618e-f382-4d05-8fc9-1653d7a3dd8d,LEAF-72000-72280,b77e975f339d18f02839f732ccc890da,12.1.2.28,Copyright (c) 2016 Mock BMP Data Generator,,,,,12.1.2.28
init,e0349f6f-b908-4a87-87cc-1b182332cc70,LEAF-72000-72281,712d82b0c68392c9cc944f5f697c0fdc,12.1.2.29,Copyright (c) 2016 Mock BMP Data Generator,,,,,12.1.2.29
init,0f0e3746-5b8e-4a10-aa57-3405644ae53c,LEAF-72000-72282,e1cdf808957c5242a5274cbc740b1dc0,12.1.2.30,Copyright (c) 2016 Mock BMP Data Generator,,,,,12.1.2.30
init,a0b500b7-d263-498b-a2f8-8869757b6824,LEAF-72000-72283,feca90fc4da306d53f565cdb516c8e25,12.1.2.31,Copyright (c) 2016 Mock BMP Data Generator,,,,,12.1.2.31
init,65afaa2c-169b-49df-82e8-80a0bea0c4a7,LEAF-72000-72284,3b69b39fa46ee421cc084cb86eb35aae,12.1.2.32,Copyright (c) 2016 Mock BMP Data Generator,,,,,12.1.2.32
init,d343393e-441c-42f6-b690-71ac11677050,LEAF-72000-72285,90b895c9693209cec730e2a7905e6171,12.1.2.33,Copyright (c) 2016 Mock BMP Data Generator,,,,,12.1.2.33
init,1d3f683d-3636-4bcc-8672-e51fe305c5c4,LEAF-72000-72286,3c20dee06f3dfcd084607034b461fccd,12.1.2.34,Copyright (c) 2016 Mock BMP Data Generator,,,,,12.1.2.34
init,d3e94cf6-fabf-42b0-b91e-754d56b87c3f,LEAF-72000-72287,fc679cb4529592340641a481ad6fcb65,12.1.2.35,Copyright (c) 2016 Mock BMP Data Generator,,,,,12.1.2.35
init,efc06a36-5eed-437b-96ff-beb3b237e894,LEAF-72000-72288,1ce78a87eca15e208c1071770bcc0cb6,12.1.2.36,Copyright (c) 2016 Mock BMP Data Generator,,,,,12.1.2.36
init,a149f521-f76e-4081-ad3f-93941381c3f2,LEAF-72000-72289,a46ced268aa92e7ffaa44168bdf89bba,12.1.2.37,Copyright (c) 2016 Mock BMP Data Generator,,,,,12.1.2.37
init,f545a288-d869-4a8d-b877-e3a5fa920f1f,LEAF-72000-72290,bc49e75dcba746585446d6dd829c37d4,12.1.2.38,Copyright (c) 2016 Mock BMP Data Generator,,,,,12.1.2.38
init,bfba0018-31f8-48c7-85a2-506e7d749ed3,LEAF-72000-72291,a143e4e379631ce5027d474d7747e11b,12.1.2.39,Copyright (c) 2016 Mock BMP Data Generator,,,,,12.1.2.39
init,264587eb-d7eb-43a2-9518-a4accc4299d8,LEAF-72000-72292,8372f19fd79e9c920b2ea9f2a97b11a6,12.1.2.40,Copyright (c) 2016 Mock BMP Data Generator,,,,,12.1.2.40
init,d8b901f1-463f-49ac-9d29-269ad80fb641,LEAF-72000-72293,927a9f33a9168ecef5b43a11be21faa8,12.1.2.41,Copyright (c) 2016 Mock BMP Data Generator,,,,,12.1.2.41
init,52ca5294-9dc5-4e15-9cfd-766fc964a038,LEAF-72000-72294,1bbe54db606abbaaf33605be0f1278b6,12.1.2.42,Copyright (c) 2016 Mock BMP Data Generator,,,,,12.1.2.42
init,c6b16a6e-7e4d-4cb9-9225-c7c689ee0d9f,LEAF-72000-72295,fe516dcde6594ff8610b60a06a6d95d4,12.1.2.43,Copyright (c) 2016 Mock BMP Data Generator,,,,,12.1.2.43
init,1c4987f8-acf7-4751-85e4-189e7781173a,LEAF-72000-72296,e0db23692a8b90cb0c0964e22ab74dca,12.1.2.44,Copyright (c) 2016 Mock BMP Data Generator,,,,,12.1.2.44
init,3696f4fd-042a-4277-aae1-2c58b65795ad,LEAF-72000-72297,46a7945852878b1b990fafa27c67552e,12.1.2.45,Copyright (c) 2016 Mock BMP Data Generator,,,,,12.1.2.45
init,9aab6cbf-b47e-4ef8-a744-f58920cc4b82,LEAF-72000-72298,447757f57b2a4629913bf905785a4335,12.1.2.46,Copyright (c) 2016 Mock BMP Data Generator,,,,,12.1.2.46
init,1e9599a7-15ce-40e4-9301-e669c5f141f2,LEAF-72000-72299,f298c0d6a40b49a0247dfb3b01f8ed2b,12.1.2.47,Copyright (c) 2016 Mock BMP Data Generator,,,,,12.1.2.47
init,30885781-c250-4614-8ad6-f43df713ffa6,LEAF-72000-72300,06ec1a9130e347dbcceea2a110b6f951,12.1.2.48,Copyright (c) 2016 Mock BMP Data Generator,,,,,12.1.2.48
init,1c2ff2c7-832f-458c-acdd-0c612c7b7ec0,LEAF-72000-72301,3e31711990107bd2a8d9d0e237c7b1a0,12.1.2.49,Copyright (c) 2016 Mock BMP Data Generator,,,,,12.1.2.49
init,a65c624c-5338-4dd7-b9ea-8de3f5eda3d6,LEAF-72000-72302,558e8dc5f3419fc6c7682048abea8910,12.1.2.50,Copyright (c) 2016 Mock BMP Data Generator,,,,,12.1.2.50
init,f715d9cd-4395-4cd8-8eb0-b5c1519b8463,LEAF-72000-72303,59e95fc82e4fec0d4aa49e1bba9f8991,12.1.2.51,Copyright (c) 2016 Mock BMP Data Generator,,,,,12.1.2.51
init,57524d57-bac8-4e01-8d38-8c1ed463868e,LEAF-72000-72304,2eb5c8ef8e898d9ecccb9ea8131efcf4,12.1.2.52,Copyright (c) 2016 Mock BMP Data Generator,,,,,12.1.2.52
init,19ff0880-01f7-4227-8008-11b8b0c8fc41,LEAF-72000-72305,f18beb3309cb278acaa7e8d2991f341a,12.1.2.53,Copyright (c) 2016 Mock BMP Data Generator,,,,,12.1.2.53
init,861027e6-51c8-426d-b5f7-4ffb84232326,LEAF-72000-72306,64e8ba17121733d909d7d22efa852fa4,12.1.2.54,Copyright (c) 2016 Mock BMP Data Generator,,,,,12.1.2.54
init,2e75ebc2-bb7e-4bb5-83f8-316d474b53ba,LEAF-72000-72307,c4faf78855bcef63b82745a62fc718a6,12.1.2.55,Copyright (c) 2016 Mock BMP Data Generator,,,,,12.1.2.55
init,46803aca-79aa-4e67-aaa8-d6846a1a1107,LEAF-72000-72308,93a2ed7d93e966ca892a9801062f2a4b,12.1.2.56,Copyright (c) 2016 Mock BMP Data Generator,,,,,12.1.2.56
init,c695cdd1-7957-427b-9684-6f330d8afa90,LEAF-72000-72309,39a544a960a81c5fc7c0f2bde9f3dd2c,12.1.2.57,Copyright (c) 2016 Mock BMP Data Generator,,,,,12.1.2.57
init,8d6a6bba-06bd-4063-acaf-f41c6fb7d816,LEAF-72000-72310,84da605bd001df02bf87b7ec91320086,12.1.2.58,Copyright (c) 2016 Mock BMP Data Generator,,,,,12.1.2.58
init,423d6a4e-4c91-4dde-adc4-3b380b1bbc33,LEAF-72000-72311,1e4d5b485a0c09a0d8ef8a1ad12c53bc,12.1.2.59,Copyright (c) 2016 Mock BMP Data Generator,,,,,12.1.2.59
init,930e12b3-92c9-43e7-8f3f-ae41daede888,LEAF-72000-72312,7f01787161834b8ced5300b4c1177322,12.1.2.60,Copyright (c) 2016 Mock BMP Data Generator,,,,,12.1.2.60
init,91657231-e37a-4ae9-b802-1e7bbc54e481,LEAF-72000-72313,4a84b4f5d5599981ace1776dbc039b74,12.1.2.61,Copyright (c) 2016 Mock BMP Data Generator,,,,,12.1.2.61
init,8e344cf7-0d09-4be7-bb0d-9bc6ab4d5914,LEAF-72000-72314,13b961d7de0636bb73907d8d5510b975,12.1.2.62,Copyright (c) 2016 Mock BMP Data Generator,,,,,12.1.2.62
init,e6a798ca-56d4-44c8-a5a8-1eb202263789,LEAF-72000-72315,ffb01d9d4822759153c1779c8b8d4b73,12.1.2.63,Copyright (c) 2016 Mock BMP Data Generator,,,,,12.1.2.63
init,753d51ea-e9ff-4286-8b89-73e2a8520f97,LEAF-72000-72316,56d5362be28586ca98b0fbca7e70ad0c,12.1.2.64,Copyright (c) 2016 Mock BMP Data Generator,,,,,12.1.2.64
init,4a622bc0-29fd-408b-a4b3-fa9197782141,LEAF-72000-72317,4fc7c66286adf6f7996f35d62ff0faa8,12.1.2.65,Copyright (c) 2016 Mock BMP Data Generator,,,,,12.1.2.65
init,32b334f2-c6e5-4988-a0ad-b1d38046e281,LEAF-72000-72318,08690b60ca4411bac521498fb53f4909,12.1.2.66,Copyright (c) 2016 Mock BMP Data Generator,,,,,12.1.2.66
init,bf90a575-8f45-484c-bf8b-f71960e5c418,LEAF-72000-72319,7802e1bfd34dc45e041e6ddfb09e0f1d,12.1.2.67,Copyright (c) 2016 Mock BMP Data Generator,,,,,12.1.2.67
init,41fe37e9-639f-4d4f-93c8-beae95c5ff92,LEAF-72000-72320,2fcdd31887f887072bfd9b21cb1ba179,12.1.2.68,Copyright (c) 2016 Mock BMP Data Generator,,,,,12.1.2.68
init,fecbfc44-4c22-40b8-966c-b25f6f20ad04,LEAF-72000-72321,d10c47f0b96b9ccf8d0b6c889b57ed0b,12.1.2.69,Copyright (c) 2016 Mock BMP Data Generator,,,,,12.1.2.69
init,2117c34f-f2ae-4eaf-85be-742c2de9b229,LEAF-72000-72322,87d32b38a4d17b3541c83013af010c67,12.1.2.70,Copyright (c) 2016 Mock BMP Data Generator,,,,,12.1.2.70
init,1d2d7651-77db-43f4-b255-3d295f91bd58,LEAF-72000-72323,07229c7474abb2d4db29aaf9f3852257,12.1.2.71,Copyright (c) 2016 Mock BMP Data Generator,,,,,12.1.2.71
init,6a8c8b61-c0f1-44f4-8c8a-b9e5511732f7,LEAF-72000-72324,07766489c21bfb60a8c001f431b3bd4e,12.1.2.72,Copyright (c) 2016 Mock BMP Data Generator,,,,,12.1.2.72
init,b2ac65f4-dd94-4c55-8bbc-b051f7bc3567,LEAF-72000-72325,d149c73508d794e519d267d806c82352,12.1.2.73,Copyright (c) 2016 Mock BMP Data Generator,,,,,12.1.2.73
init,a4823d32-978d-4ae3-8047-46ebb9fc9044,LEAF-72000-72326,b9f55709f4518dd6f084cbdb3211f6a3,12.1.2.74,Copyright (c) 2016 Mock BMP Data Generator,,,,,12.1.2.74
init,d50cda3d-946a-41f1-9e38-5b291d514aa1,LEAF-72000-72327,5aa68c347bceeee83e3f2a4500b003ce,12.1.2.75,Copyright (c) 2016 Mock BMP Data Generator,,,,,12.1.2.75
init,81b88cd9-fd47-46ea-9b7e-97480a85fa2e,LEAF-72000-72328,c99843afb6302a2d815e1aad851986c6,12.1.2.76,Copyright (c) 2016 Mock BMP Data Generator,,,,,12.1.2.76
init,b9536fa0-a0c6-4fd9-943e-2037cb8b74a2,LEAF-72000-72329,f74096f953cd406bf0c446b8022b7340,12.1.2.77,Copyright (c) 2016 Mock BMP Data Generator,,,,,12.1.2.77
init,a5e9f47a-d70a-484e-98d8-f34212736792,LEAF-72000-72330,a25281326fc240a76484e247bf71b6b9,12.1.2.78,Copyright (c) 2016 Mock BMP Data Generator,,,,,12.1.2.78
init,12b3c50a-bb0c-408f-9fb1-8478738d3abf,LEAF-72000-72331,366bb6bc0d94709f81a5ec82f84f1264,12.1.2.79,Copyright (c) 2016 Mock BMP Data Generator,,,,,12.1.2.79
init,6312f183-a869-469a-a654-d99fc2392eee,LEAF-72000-72332,144f74c8074dbcb8b22d32266916e57b,12.1.2.80,Copyright (c) 2016 Mock BMP Data Generator,,,,,12.1.2.80
init,371d6bd8-3f20-45bc-a987-e3056444bef4,LEAF-72000-72333,bf10cd4edc9fb8058312a7219a99831c,12.1.2.81,Copyright (c) 2016 Mock BMP Data Generator,,,,,12.1.2.81
init,54d3016f-76ed-4e88-b75f-31706b738a15,LEAF-72000-72334,388c126c4b432486ced2eb2b7b7649b1,12.1.2.82,Copyright (c) 2016 Mock BMP Data Generator,,,,,12.1.2.82
init,73da736b-3f3f-4bd0-8609-3607deff9d4d,LEAF-72000-72335,01ed39bab3f4b8341d51dedc98345225,12.1.2.83,Copyright (c) 2016 Mock BMP Data Generator,,,,,12.1.2.83
init,11e4f285-d304-4c31-8dfc-bb5545e5d96f,LEAF-72000-72336,67180fc1e1dd05aa339a6929cdbdc231,12.1.2.84,Copyright (c) 2016 Mock BMP Data Generator,,,,,12.1.2.84
init,b4cb92b4-3ca6-45ef-9f0a-2a797f216e69,LEAF-72000-72337,1d8553a956cc44e3847109a7e6702165,12.1.2.85,Copyright (c) 2016 Mock BMP Data Generator,,,,,12.1.2.85
init,c8401673-862c-4a7d-b366-09709f4a3b67,LEAF-72000-72338,9d131a3264dddf11e1ccf7a37022a4a3,12.1.2.86,Copyright (c) 2016 Mock BMP Data Generator,,,,,12.1.2.86
init,82e19d92-b54e-464d-bd87-16766643f8d8,LEAF-72000-72339,1928308a8a4b5f91a441bc854d1ec03f,12.1.2.87,Copyright (c) 2016 Mock BMP Data Generator,,,,,12.1.2.87
init,3aae4ca6-ec4b-471d-b9e4-36f61e4f7a8f,LEAF-72000-72340,6e91dd83373687985d26aa6a3d15026e,12.1.2.88,Copyright (c) 2016 Mock BMP Data Generator,,,,,12.1.2.88
init,dd374b2e-f51f-4bfc-8b39-703c76021cf8,LEAF-72000-72341,189143bb800e30e642af22fd207f67c4,12.1.2.89,Copyright (c) 2016 Mock BMP Data Generator,,,,,12.1.2.89
init,f36efcc5-0f9e-4742-8d3b-70398ecb8608,LEAF-72000-72342,c4586ce24165f1f0ce082b6b7a6d14e7,12.1.2.90,Copyright (c) 2016 Mock BMP Data Generator,,,,,12.1.2.90
init,5f2c71a0-0a97-4270-a72b-9678bd0581b9,LEAF-72000-72343,0aa11c39abf4d60ff7fc0a05a53cd08e,12.1.2.91,Copyright (c) 2016 Mock BMP Data Generator,,,,,12.1.2.91
init,3e2d089f-f1d4-4275-b9f0-01e6d139f037,LEAF-72000-72344,241fc6e5b1194e04073d0f627c1b163a,12.1.2.92,Copyright (c) 2016 Mock BMP Data Generator,,,,,12.1.2.92
init,d4a96084-bf0a-445f-b208-270538fc8c42,LEAF-72000-72345,d0b41c21673f717be94b354ba829b957,12.1.2.93,Copyright (c) 2016 Mock BMP Data Generator,,,,,12.1.2.93
init,1dffc9c1-179a-4d10-bd9c-ced60c0b9685,LEAF-72000-72346,a0a1b3175899caa876f374f5bc6bbab7,12.1.2.94,Copyright (c) 2016 Mock BMP Data Generator,,,,,12.1.2.94
init,f5202f8b-a6d2-4ad7-8602-dc001676c8e5,LEAF-72000-72347,42260ab185360418ba1bfcf721ae0abb,12.1.2.95,Copyright (c) 2016 Mock BMP Data Generator,,,,,12.1.2.95
init,1e4747c0-7dad-4599-83d5-ba7a3ee60747,LEAF-72000-72348,39eed1f34219ea798354a23b67533c87,12.1.2.96,Copyright (c) 2016 Mock BMP Data Generator,,,,,12.1.2.96
init,f09d7df6-99a6-4282-83db-1701727cf0fc,LEAF-72000-72349,29e2b4d58984fd957907494e70aca63b,12.1.2.97,Copyright (c) 2016 Mock BMP Data Generator,,,,,12.1.2.97
init,7e653f4d-aab4-42e8-b52d-9893245a54bd,LEAF-72000-72350,0b16137a14f1bd68c02d4ca1783d11f5,12.1.2.98,Copyright (c) 2016 Mock BMP Data Generator,,,,,12.1.2.98
init,162e6f5e-69cf-426a-99c7-3123dc6c07d2,LEAF-72000-72351,af05aac556322ef7645db267c80b664e,12.1.2.99,Copyright (c) 2016 Mock BMP Data Generator,,,,,12.1.2.99
init,432a773d-8361-4a27-801f-f29b04424a99,LEAF-72000-72352,514ac445b10b49be4f3844cc08dc5d62,12.1.2.100,Copyright (c) 2016 Mock BMP Data Generator,,,,,12.1.2.100
init,427f2579-567f-4306-861e-af5fe22a1ce4,LEAF-72000-72353,c59f9b75ed06b510f851142e74a444a9,12.1.2.101,Copyright (c) 2016 Mock BMP Data Generator,,,,,12.1.2.101
init,876aa4f9-660d-4429-94ca-de8b29e3b809,LEAF-72000-72354,5b6d6994d72847e4d3b10bcc8fe6d283,12.1.2.102,Copyright (c) 2016 Mock BMP Data Generator,,,,,12.1.2.102
init,bab3c972-5e32-4eab-b643-d2dce9ce9f9d,LEAF-72000-72355,332946506d904728e2a7806ac2c252cc,12.1.2.103,Copyright (c) 2016 Mock BMP Data Generator,,,,,12.1.2.103
init,dcc21df0-d14c-4be9-b266-76fde7c6ba67,LEAF-72000-72356,97adfac687d6375804300cacf64af7ae,12.1.2.104,Copyright (c) 2016 Mock BMP Data Generator,,,,,12.1.2.104
init,0e7bdba8-a0a2-43e3-9409-69f71bc3bbba,LEAF-72000-72357,27b56ca156acf688add9fb55d3643bf5,12.1.2.105,Copyright (c) 2016 Mock BMP Data Generator,,,,,12.1.2.105
init,a94a957b-9896-411e-8535-9f8bfdc53920,LEAF-72000-72358,4301355c0e1a974af958fe23400dd7ec,12.1.2.106,Copyright (c) 2016 Mock BMP Data Generator,,,,,12.1.2.106
init,47c661a7-f786-4846-bfd7-fdafcb0f5784,LEAF-72000-72359,724370c9f41a592671a8ada9893c4e9e,12.1.2.107,Copyright (c) 2016 Mock BMP Data Generator,,,,,12.1.2.107
init,6a7e6eb4-f3a4-479a-9238-42c89771317c,LEAF-72000-72360,a6678779ee2915463ae60a66d779741f,12.1.2.108,Copyright (c) 2016 Mock BMP Data Generator,,,,,12.1.2.108
init,a6bb74d1-a830-4d71-9839-8317e137591f,LEAF-72000-72361,06d10f5b30231b272fb345cc96e94edc,12.1.2.109,Copyright (c) 2016 Mock BMP Data Generator,,,,,12.1.2.109
init,b50c999c-46f8-4a8f-821b-93b7b4207113,LEAF-72000-72362,047bbcce804528aaf4cbc8cc43017ba7,12.1.2.110,Copyright (c) 2016 Mock BMP Data Generator,,,,,12.1.2.110
init,c61fe48e-4451-4472-8757-e6c013368fd8,LEAF-72000-72363,d932e4ed15d28396fa1d411ddc19f283,12.1.2.111,Copyright (c) 2016 Mock BMP Data Generator,,,,,12.1.2.111
init,88c4934a-357c-4e81-84be-c44644b2196a,LEAF-72000-72364,2f06c511deb91fd091b5b731da64ce4f,12.1.2.112,Copyright (c) 2016 Mock BMP Data Generator,,,,,12.1.2.112
init,42fa0241-2420-4285-8487-15db48722352,LEAF-72000-72365,f75da55a24d9ffc971dce11c7ad4a9e2,12.1.2.113,Copyright (c) 2016 Mock BMP Data Generator,,,,,12.1.2.113
init,61b4c860-1fb1-483a-a284-04526c40221f,LEAF-72000-72366,0d1c7a2824fff00e5e3effcd08206e7d,12.1.2.114,Copyright (c) 2016 Mock BMP Data Generator,,,,,12.1.2.114
init,99873a84-929c-4a1a-9c9a-115678c5fcb7,LEAF-72000-72367,8f96eed462a7d88fc14ddf0d9c34baa3,12.1.2.115,Copyright (c) 2016 Mock BMP Data Generator,,,,,12.1.2.115
init,f8249136-4c48-4b81-a4dc-26f2beaf864a,LEAF-72000-72368,abf3cf93a491c4ac2600a26e4ca5138d,12.1.2.116,Copyright (c) 2016 Mock BMP Data Generator,,,,,12.1.2.116
init,39e25493-e948-41e5-9a59-dd29fdebd3cb,LEAF-72000-72369,af9ffab715b720e9bc4b4af96e286ff0,12.1.2.117,Copyright (c) 2016 Mock BMP Data Generator,,,,,12.1.2.117
init,4fdc2d87-cf45-4376-9f89-867b4fb8a213,LEAF-72000-72370,6335c0f66bbeb168bea279e1e878cb19,12.1.2.118,Copyright (c) 2016 Mock BMP Data Generator,,,,,12.1.2.118
init,3b3b5ea4-1339-4fa3-8333-d1499e85438d,LEAF-72000-72371,b1b446cad4d5c9bbc80279ad03104acb,12.1.2.119,Copyright (c) 2016 Mock BMP Data Generator,,,,,12.1.2.119
init,456ff71a-0099-4e07-8d4e-7c1fbe5510f8,LEAF-72000-72372,60d36c177a5abc838fe9da1b182c945d,12.1.2.120,Copyright (c) 2016 Mock BMP Data Generator,,,,,12.1.2.120
init,82ba7ef7-4770-40d4-ba3b-d2f3282a08e1,LEAF-72000-72373,d2abb99ff90dde4923dbbe1f3a2bd84a,12.1.2.121,Copyright (c) 2016 Mock BMP Data Generator,,,,,12.1.2.121
init,3130c6f2-7cca-49ac-b7c5-0c9af6dd6cd3,LEAF-72000-72374,4c8daf5e851ae3b86979d306752740be,12.1.2.122,Copyright (c) 2016 Mock BMP Data Generator,,,,,12.1.2.122
init,a4c6236a-443c-4252-9da0-eedba0a78f4f,LEAF-72000-72375,590073998105b4ad0d4cbc126878ace3,12.1.2.123,Copyright (c) 2016 Mock BMP Data Generator,,,,,12.1.2.123
init,f4a2b369-6725-4d0f-a60c-cfaefa7bca01,LEAF-72000-72376,b95b5ff0a863866a7921d07460eaf818,12.1.2.124,Copyright (c) 2016 Mock BMP Data Generator,,,,,12.1.2.124
init,f9930cc1-3919-45da-827b-6a63e78ca703,LEAF-72000-72377,a218d4ec2823b816edafdb53b66d7927,12.1.2.125,Copyright (c) 2016 Mock BMP Data Generator,,,,,12.1.2.125
init,dd96caef-7e20-435c-b757-dc455252755d,LEAF-72000-72378,998df117d1622cacee77a7c4023cf3f6,12.1.2.126,Copyright (c) 2016 Mock BMP Data Generator,,,,,12.1.2.126
init,e21a3af8-c721-42b7-9d34-e399b20070e7,LEAF-72000-72379,8d674d37240238da165a19c078394b06,12.1.2.127,Copyright (c) 2016 Mock BMP Data Generator,,,,,12.1.2.127
init,0715c64c-bbaa-4e93-8aad-6541c02c13bf,LEAF-72000-72380,2265ac65273df70e761585d3617ed008,12.1.2.128,Copyright (c) 2016 Mock BMP Data Generator,,,,,12.1.2.128
init,dbe4f12c-5d9f-4c4a-b43d-5123d44d4ffa,LEAF-72000-72381,79b3581fc6dda327352c67bbfc2a8bdb,12.1.2.129,Copyright (c) 2016 Mock BMP Data Generator,,,,,12.1.2.129
init,16fa1197-8e78-469c-b523-9df4fbe3f803,LEAF-72000-72382,48364e54d18ea341b0963dabd1cc37ec,12.1.2.130,Copyright (c) 2016 Mock BMP Data Generator,,,,,12.1.2.130
init,97bc1411-7070-42ba-b36c-7e8121f4bec9,LEAF-72000-72383,f3aaa851a169e887c2b13502936c7c9d,12.1.2.131,Copyright (c) 2016 Mock BMP Data Generator,,,,,12.1.2.131
init,c4a3e341-69e2-414a-b562-af3258765abe,LEAF-72000-72384,ecde2e75e1b89ff7dfb71fe108cd5f06,12.1.2.132,Copyright (c) 2016 Mock BMP Data Generator,,,,,12.1.2.132
init,25e7610f-7de4-486a-9e19-dc5ba9621417,LEAF-72000-72385,dfe7f98c189df85d96cc716024de2db9,12.1.2.133,Copyright (c) 2016 Mock BMP Data Generator,,,,,12.1.2.133
init,dab550c0-73f6-4073-b4d5-4e919231ca16,LEAF-72000-72386,ce54925b8f7ee109f78ad29f8963a251,12.1.2.134,Copyright (c) 2016 Mock BMP Data Generator,,,,,12.1.2.134
init,743cb443-a171-4ce0-96f6-435119ba0759,LEAF-72000-72387,a4830af1d49abb342a03b93e22afc1d3,12.1.2.135,Copyright (c) 2016 Mock BMP Data Generator,,,,,12.1.2.135
init,4826f6ca-ba72-471f-9a97-0bb243f3a60c,LEAF-72000-72388,2f690146aa664faed45edda6432577a5,12.1.2.136,Copyright (c) 2016 Mock BMP Data Generator,,,,,12.1.2.136
init,f761c2cf-654a-49a6-b826-9ffcab20c8c6,LEAF-72000-72389,c01b857e89ca3280c285942f36dc9b52,12.1.2.137,Copyright (c) 2016 Mock BMP Data Generator,,,,,12.1.2.137
init,60ef380e-3f33-4e48-b132-497ee68321d1,LEAF-72000-72390,f027bcbb41e96b51a49335fb86e33e09,12.1.2.138,Copyright (c) 2016 Mock BMP Data Generator,,,,,12.1.2.138
init,8b2252c9-5055-41ed-9ecc-040c32261c12,LEAF-72000-72391,8a5ceca8322fc0a76ff63500fa1ccc00,12.1.2.139,Copyright (c) 2016 Mock BMP Data Generator,,,,,12.1.2.139
init,b1aa6aa9-d470-4f70-89d3-a8d75b719f84,LEAF-72000-72392,b710b2a2fcf49e0c90ad33ae58aec3d2,12.1.2.140,Copyright (c) 2016 Mock BMP Data Generator,,,,,12.1.2.140
init,5492e95a-3771-4d13-b15e-9c26301eaaab,LEAF-72000-72393,e2ae789cf54524322ba1f85195755714,12.1.2.141,Copyright (c) 2016 Mock BMP Data Generator,,,,,12.1.2.141
init,4475faa3-ae76-48e4-bad0-dfa894e6f589,LEAF-72000-72394,d45b41b7b036f439572b02b4e7ffe1f9,12.1.2.142,Copyright (c) 2016 Mock BMP Data Generator,,,,,12.1.2.142
init,28cbd770-c74f-457b-bfbc-c0bcb24fdeb4,LEAF-72000-72395,6ac935563b6b704fbee5fdf3e7c222ae,12.1.2.143,Copyright (c) 2016 Mock BMP Data Generator,,,,,12.1.2.143
init,f262c59c-c8f2-4c3c-b48e-5624441e0dbd,LEAF-72000-72396,1e5153ffeec6d58049b6a75fa69a5bfd,12.1.2.144,Copyright (c) 2016 Mock BMP Data Generator,,,,,12.1.2.144
init,25a251d9-da1f-48c4-b2df-b37e2b2c00a6,LEAF-72000-72397,b79545cac5d61dc957cb72954dfc8463,12.1.2.145,Copyright (c) 2016 Mock BMP Data Generator,,,,,12.1.2.145
init,1fa50727-be76-4838-a350-bf7a8b060a52,LEAF-72000-72398,a276c104a89696e903b86dfa5027ede5,12.1.2.146,Copyright (c) 2016 Mock BMP Data Generator,,,,,12.1.2.146
init,535fe874-1210-47d5-a0de-e14936358c76,LEAF-72000-72399,28c183be8df29e7873fdc317d40975a8,12.1.2.147,Copyright (c) 2016 Mock BMP Data Generator,,,,,12.1.2.147
init,2762080d-51c6-4e80-9460-f0c89a1304ae,LEAF-72000-72400,281750560e3330f9c602d2275a1b6cd2,12.1.2.148,Copyright (c) 2016 Mock BMP Data Generator,,,,,12.1.2.148
init,4737a6e3-0abb-4094-9c4d-2e90cf589318,LEAF-72000-72401,83ce9df003de7e347a63dbe53f58ffda,12.1.2.149,Copyright (c) 2016 Mock BMP Data Generator,,,,,12.1.2.149
init,630d241c-0e80-4831-bb2d-363ad26e8c60,LEAF-72000-72402,b2d12976ea69e0d9992d88840e05e4a4,12.1.2.150,Copyright (c) 2016 Mock BMP Data Generator,,,,,12.1.2.150
init,4e5e9793-3907-4597-8f25-99ac3511c36d,LEAF-72000-72403,3465474f3a31144ac95b24906c411dfe,12.1.2.151,Copyright (c) 2016 Mock BMP Data Generator,,,,,12.1.2.151
init,0a631a70-7718-461a-99e4-af477a90f937,LEAF-72000-72404,2c65341bf4819ed8c0077056b6c8e880,12.1.2.152,Copyright (c) 2016 Mock BMP Data Generator,,,,,12.1.2.152
init,4c5fc92b-48da-43cf-aac4-bdc193c00a76,LEAF-72000-72405,f568d8ffe233436570dcc01be755a8a4,12.1.2.153,Copyright (c) 2016 Mock BMP Data Generator,,,,,12.1.2.153
init,8dd4c9d0-928a-45e6-b3c1-bcd5770e1164,LEAF-72000-72406,bfa56b91db104a109ddf289cf743b55e,12.1.2.154,Copyright (c) 2016 Mock BMP Data Generator,,,,,12.1.2.154
init,48155bb5-6d2d-49a5-b428-6e518a3e10a5,LEAF-72000-72407,ea5aa501320fe56585425922411ca1d3,12.1.2.155,Copyright (c) 2016 Mock BMP Data Generator,,,,,12.1.2.155
init,d105404e-f5ab-4268-b975-02793df169a7,LEAF-72000-72408,c3f607dad3e425b099203df1c7d3922e,12.1.2.156,Copyright (c) 2016 Mock BMP Data Generator,,,,,12.1.2.156
init,004b3ac4-d659-4b78-9aeb-c307cfc03065,LEAF-72000-72409,28262daec68f8d84fbed91f4638a27df,12.1.2.157,Copyright (c) 2016 Mock BMP Data Generator,,,,,12.1.2.157
init,b7003441-f053-4cc1-a21f-4e637d21da87,LEAF-72000-72410,3423187cb452cb074e541ccc48232beb,12.1.2.158,Copyright (c) 2016 Mock BMP Data Generator,,,,,12.1.2.158
init,ad6613d6-e9ef-4423-bb86-d1cff76f92b0,LEAF-72000-72411,740cde63837f0c6f1d5fd7d39eb8a1ef,12.1.2.159,Copyright (c) 2016 Mock BMP Data Generator,,,,,12.1.2.159
init,137accbb-9f36-4abc-bdc5-fc319e2e8756,LEAF-72000-72412,7584447df63c914c8d51f94440dfaebf,12.1.2.160,Copyright (c) 2016 Mock BMP Data Generator,,,,,12.1.2.160
init,158eb1da-f4f3-43c7-997e-607410560ca1,LEAF-72000-72413,5387c6e98f232667c12c98079facf638,12.1.2.161,Copyright (c) 2016 Mock BMP Data Generator,,,,,12.1.2.161
init,0ab0790b-81db-4b15-bc79-82c9eeb3f20e,LEAF-72000-72414,cf5bd1df4ac3d6a14e4df8155763da52,12.1.2.162,Copyright (c) 2016 Mock BMP Data Generator,,,,,12.1.2.162
init,326cd25d-2b91-4778-b858-e36992cbaa04,LEAF-72000-72415,42c9affaffd9d87e9873526a9d4dd454,12.1.2.163,Copyright (c) 2016 Mock BMP Data Generator,,,,,12.1.2.163
init,9f745581-7a28-4bc3-bf35-d3e93981dd4d,LEAF-72000-72416,fc9c1d0224b46bde8d149d82d1880970,12.1.2.164,Copyright (c) 2016 Mock BMP Data Generator,,,,,12.1.2.164
init,2e828608-995b-4b3f-a049-5d7832c65b80,LEAF-72000-72417,5ce1c494faece54459cc0afbe8bbd104,12.1.2.165,Copyright (c) 2016 Mock BMP Data Generator,,,,,12.1.2.165
init,a392107e-435d-4c82-8816-83975dc93cdc,LEAF-72000-72418,18118b8017724c5c0dc64df92b264756,12.1.2.166,Copyright (c) 2016 Mock BMP Data Generator,,,,,12.1.2.166
init,92124739-5b66-4e13-a2fb-afb30f018cc4,LEAF-72000-72419,9e9ace66a2ccfa00a31e7185e816ef90,12.1.2.167,Copyright (c) 2016 Mock BMP Data Generator,,,,,12.1.2.167
init,58c01cd9-6fe6-4f3e-af0d-58aa190e6bbb,LEAF-72000-72420,fc8a2486094b9f6703bf607683263b2c,12.1.2.168,Copyright (c) 2016 Mock BMP Data Generator,,,,,12.1.2.168
init,ae89f03a-469e-4c4f-a693-ecf75de75eb6,LEAF-72000-72421,751eda45fe08c9432ba74c9715b29c65,12.1.2.169,Copyright (c) 2016 Mock BMP Data Generator,,,,,12.1.2.169
init,2b3d9b74-f3b7-4362-9152-701b58c51254,LEAF-72000-72422,6507b9dad6619ddfcec45ee6ed80fda8,12.1.2.170,Copyright (c) 2016 Mock BMP Data Generator,,,,,12.1.2.170
init,bc2457c3-b818-4711-942f-ccfee5c0e9b5,LEAF-72000-72423,7d7aa4b90c6c00974cff21a63baace65,12.1.2.171,Copyright (c) 2016 Mock BMP Data Generator,,,,,12.1.2.171
init,46c57c08-29e7-4fcb-85ab-d04601e06d14,LEAF-72000-72424,d4693e6c4d295c212a813b737103656b,12.1.2.172,Copyright (c) 2016 Mock BMP Data Generator,,,,,12.1.2.172
init,0c852c8e-e8ea-4feb-9c5f-d2a94296615a,LEAF-72000-72425,b77cc0350a15f039f2f1378081fdb201,12.1.2.173,Copyright (c) 2016 Mock BMP Data Generator,,,,,12.1.2.173
init,ba991d16-890d-4b26-aa0d-cfa20b834cd9,LEAF-72000-72426,01394041b31b7de42025efc44e1dfa7f,12.1.2.174,Copyright (c) 2016 Mock BMP Data Generator,,,,,12.1.2.174
init,fd39de98-4c0d-4290-b406-ca0cefbdecb0,LEAF-72000-72427,1f7e207997c4022aa57cc061b86b1059,12.1.2.175,Copyright (c) 2016 Mock BMP Data Generator,,,,,12.1.2.175
init,39d3e796-9775-4d84-84e1-b345e684c2ea,LEAF-72000-72428,877ed7c306d16769567a43c026eec54b,12.1.2.176,Copyright (c) 2016 Mock BMP Data Generator,,,,,12.1.2.176
init,89e01f17-62dd-4b8f-9de3-799131e08013,LEAF-72000-72429,4479ffc06988ae8550e9b1cd300b277f,12.1.2.177,Copyright (c) 2016 Mock BMP Data Generator,,,,,12.1.2.177
init,29b80530-714d-48f7-a46d-a73b35a52659,LEAF-72000-72430,71c55bfb99e9c7bd93237978abbb0253,12.1.2.178,Copyright (c) 2016 Mock BMP Data Generator,,,,,12.1.2.178
init,879bded8-75e8-4f85-a6e7-a1a7e5cb9c1c,LEAF-72000-72431,d1c6265910245c81290fb470248a717e,12.1.2.179,Copyright (c) 2016 Mock BMP Data Generator,,,,,12.1.2.179
init,38acc7be-6b84-4272-a346-86487e825bb4,LEAF-72000-72432,712519447172f1966e1df852ecc4a8e3,12.1.2.180,Copyright (c) 2016 Mock BMP Data Generator,,,,,12.1.2.180
init,c6ea7973-8e7a-44a4-9dd9-89f47e388986,LEAF-72000-72433,b37d2d159f82c93c0e27675d44ae96c6,12.1.2.181,Copyright (c) 2016 Mock BMP Data Generator,,,,,12.1.2.181
init,2ab267b3-8010-467e-b167-d66b35156056,LEAF-72000-72434,6d0ad294d66e22fcf9ed1a9fad5f9012,12.1.2.182,Copyright (c) 2016 Mock BMP Data Generator,,,,,12.1.2.182
init,ed4e9d55-d598-4195-a960-99a0f28fd806,LEAF-72000-72435,2294d049b692fc5667894721f3c8f2df,12.1.2.183,Copyright (c) 2016 Mock BMP Data Generator,,,,,12.1.2.183
init,eec0a16f-cfbf-4ad2-8a01-b2540e4d1388,LEAF-72000-72436,e3bb4dfa813e1e5fcd0d95ae2eb8f770,12.1.2.184,Copyright (c) 2016 Mock BMP Data Generator,,,,,12.1.2.184
init,eb244812-0197-438e-b5bf-11b8bb22bf5f,LEAF-72000-72437,fa9bd0ae424257aa840c45da0ab9ed19,12.1.2.185,Copyright (c) 2016 Mock BMP Data Generator,,,,,12.1.2.185
init,feaff2a7-ec1c-42c5-848b-4fc38682e74c,LEAF-72000-72438,bcc38ca78ac1cd1c7ac39b6a7e088341,12.1.2.186,Copyright (c) 2016 Mock BMP Data Generator,,,,,12.1.2.186
init,b68aada5-c3f2-4980-acc0-e9e105207526,LEAF-72000-72439,069fbe9ff628a2ebdc74174792de2924,12.1.2.187,Copyright (c) 2016 Mock BMP Data Generator,,,,,12.1.2.187
init,d2b45b79-fcc8-4ab7-8b38-9f178efec453,LEAF-72000-72440,678a6d4f8d4ccfc0cb225b6b9c348582,12.1.2.188,Copyright (c) 2016 Mock BMP Data Generator,,,,,12.1.2.188
init,780ecfd1-eb7d-4819-abde-401056baef13,LEAF-72000-72441,4487827743241af8af031fee597a28ac,12.1.2.189,Copyright (c) 2016 Mock BMP Data Generator,,,,,12.1.2.189
init,5616876d-8b81-41a8-8098-cd349e9b8c92,LEAF-72000-72442,cdc015030bca0a38830cd58a779859e2,12.1.2.190,Copyright (c) 2016 Mock BMP Data Generator,,,,,12.1.2.190
init,c916a7ef-9484-4496-8d6d-b143223df51d,LEAF-72000-72443,c7bf36ed383dfac74cd4503f339f7f7a,12.1.2.191,Copyright (c) 2016 Mock BMP Data Generator,,,,,12.1.2.191
init,a3a45985-8cda-49f5-8034-79c216a75e56,LEAF-72000-72444,e26ab9d51beb09f95a3ca29f08d82aeb,12.1.2.192,Copyright (c) 2016 Mock BMP Data Generator,,,,,12.1.2.192
init,576cb513-600f-4d14-ac76-5efc9b3ca88e,LEAF-72000-72445,e583268b2041cdecf1d392601411b52a,12.1.2.193,Copyright (c) 2016 Mock BMP Data Generator,,,,,12.1.2.193
init,6300dc0c-4df3-4a88-a8a6-50d542ea6634,LEAF-72000-72446,43c9ad9e12fc949075826b06e1cc47e0,12.1.2.194,Copyright (c) 2016 Mock BMP Data Generator,,,,,12.1.2.194
init,296afa20-e528-4488-9a2e-1bb49a24de8a,LEAF-72000-72447,c8f19aee3a978ea66fe439a8bc6a1717,12.1.2.195,Copyright (c) 2016 Mock BMP Data Generator,,,,,12.1.2.195
init,195e2ad2-3e49-4c61-abff-80c17e5ee923,LEAF-72000-72448,7c89467a1181056beebcb7f5e5e48f3e,12.1.2.196,Copyright (c) 2016 Mock BMP Data Generator,,,,,12.1.2.196
init,dc404033-af23-4cbb-9ec2-94e16ad471e9,LEAF-72000-72449,d96be470d800c2c44ecf0da252fa87db,12.1.2.197,Copyright (c) 2016 Mock BMP Data Generator,,,,,12.1.2.197
init,2eaa8438-7675-4fcc-a36e-0308fbd5c802,LEAF-72000-72450,7e894d5cbc06b103f1f7b079e73e72ef,12.1.2.198,Copyright (c) 2016 Mock BMP Data Generator,,,,,12.1.2.198
init,92a4288b-ced2-4674-8648-7aa2af6ecf4a,LEAF-72000-72451,74d53ec12a5ea5a053461d94682e5ae4,12.1.2.199,Copyright (c) 2016 Mock BMP Data Generator,,,,,12.1.2.199
init,d43c59f1-8c94-4db0-baa1-a8e863ddfb7b,LEAF-72000-72452,a23b8727a07524a5f64f13241ba76065,12.1.2.200,Copyright (c) 2016 Mock BMP Data Generator,,,,,12.1.2.200
init,0631dd5f-89c9-4376-9d45-64f5fd11e1e7,LEAF-72000-72453,7ca76ffd30164b9e6d75d1db6d522d62,12.1.2.201,Copyright (c) 2016 Mock BMP Data Generator,,,,,12.1.2.201
init,97d7004f-7d3a-4531-b976-3397aae6c4db,LEAF-72000-72454,d4d3b8703c36c508cb0c3eecfb2f346d,12.1.2.202,Copyright (c) 2016 Mock BMP Data Generator,,,,,12.1.2.202
init,83980113-8eac-4c65-8df2-ccaf46de8790,LEAF-72000-72455,5d7cfe7e708264d32c12e83053ee959e,12.1.2.203,Copyright (c) 2016 Mock BMP Data Generator,,,,,12.1.2.203
init,524f4d2c-5360-40b6-a729-e3bc13d71e4b,LEAF-72000-72456,6679fac5847f59e3708e27a56c8dab08,12.1.2.204,Copyright (c) 2016 Mock BMP Data Generator,,,,,12.1.2.204
init,b0402dbd-f2a2-4e59-b9f4-8d3c05c643b5,LEAF-72000-72457,9964f8c1869932b02dddcd822671d401,12.1.2.205,Copyright (c) 2016 Mock BMP Data Generator,,,,,12.1.2.205
init,0708c6ce-d9a8-4ee6-89ac-54a849b89fae,LEAF-72000-72458,b256dddbeff771dfa6776709ba567706,12.1.2.206,Copyright (c) 2016 Mock BMP Data Generator,,,,,12.1.2.206
init,1f918003-1e86-4fa7-96a2-0fcac3827cad,LEAF-72000-72459,a249b394c379d8ab9b0f825612582d4b,12.1.2.207,Copyright (c) 2016 Mock BMP Data Generator,,,,,12.1.2.207
init,2f21f46e-ed0f-44ae-bcde-fa0faaa34c69,LEAF-72000-72460,d42ce080672e6d5fee4a6dacbcfdaf69,12.1.2.208,Copyright (c) 2016 Mock BMP Data Generator,,,,,12.1.2.208
init,c7cf2f45-cd6b-4175-a1f5-61fd152c85a5,LEAF-72000-72461,67ad83f0aae8b0b4eab590887134771c,12.1.2.209,Copyright (c) 2016 Mock BMP Data Generator,,,,,12.1.2.209
init,3892dc5c-fbc5-44e8-b2c8-98a970437be7,LEAF-72000-72462,7c58cc21620fcd1b9578d727c816ed52,12.1.2.210,Copyright (c) 2016 Mock BMP Data Generator,,,,,12.1.2.210
init,bec97666-b616-49cf-a1ec-0a5324780825,LEAF-72000-72463,d8f3d1ff258bbb8e160154531f51a436,12.1.2.211,Copyright (c) 2016 Mock BMP Data Generator,,,,,12.1.2.211
init,502ce677-410b-4d09-9752-789e3627f559,LEAF-72000-72464,4b68e35b75d61aa5ed1302831e5f1f19,12.1.2.212,Copyright (c) 2016 Mock BMP Data Generator,,,,,12.1.2.212
init,b61c83e2-a78d-4c52-98f3-0e81c6c9a75a,LEAF-72000-72465,e0a57de410b1bb16e18766f29a25ab72,12.1.2.213,Copyright (c) 2016 Mock BMP Data Generator,,,,,12.1.2.213
init,abc33560-4384-495f-baa5-889260bfc6d9,LEAF-72000-72466,191e1693c674ad18aa8e400bccc29131,12.1.2.214,Copyright (c) 2016 Mock BMP Data Generator,,,,,12.1.2.214
init,2d203e03-352c-455a-87d2-b89cd4d4d953,LEAF-72000-72467,4b86bde9bc1e8496a736a3fe884ce9d7,12.1.2.215,Copyright (c) 2016 Mock BMP Data Generator,,,,,12.1.2.215
init,5c58369c-d2f0-492e-a675-6f421b7722f8,LEAF-72000-72468,9aabb67f4523daa11b214dabfcc646c3,12.1.2.216,Copyright (c) 2016 Mock BMP Data Generator,,,,,12.1.2.216
init,30596fe3-8ca0-438b-be92-ed0d729306b6,LEAF-72000-72469,f02c904a0770212b299e0bf914d4324d,12.1.2.217,Copyright (c) 2016 Mock BMP Data Generator,,,,,12.1.2.217
init,3eb7f407-d9c2-4e7f-a9d5-36bbf1fe6b61,LEAF-72000-72470,54d2f241d74dd361b19a81d882ac4355,12.1.2.218,Copyright (c) 2016 Mock BMP Data Generator,,,,,12.1.2.218
init,5de15ea0-b7eb-444a-9d64-f4010307fcae,LEAF-72000-72471,ae75f17980f987e0e1f591bb02143771,12.1.2.219,Copyright (c) 2016 Mock BMP Data Generator,,,,,12.1.2.219
init,d513d5b0-7ef0-4af3-ac4e-14e723c49cbd,LEAF-72000-72472,f6f35d42252156fa1f9c85783cf91a5f,12.1.2.220,Copyright (c) 2016 Mock BMP Data Generator,,,,,12.1.2.220
init,500505f0-511c-44d4-a7dd-c15bef30979b,LEAF-72000-72473,8c3d3c83d1848529a65504a308bde2aa,12.1.2.221,Copyright (c) 2016 Mock BMP Data Generator,,,,,12.1.2.221
init,969faffc-fa82-4314-809f-f5436f865281,LEAF-72000-72474,c3f863624503538576458261c7e1a5fb,12.1.2.222,Copyright (c) 2016 Mock BMP Data Generator,,,,,12.1.2.222
init,00bfaca5-490d-4360-a7a7-181a0bc57651,LEAF-72000-72475,e115317cf5dc56d97d4bf6836ec3ce8a,12.1.2.223,Copyright (c) 2016 Mock BMP Data Generator,,,,,12.1.2.223
init,708dd6b5-0e53-4802-8f69-14cccbb69817,LEAF-72000-72476,1760fd7c75e8dd47209816522581d3b8,12.1.2.224,Copyright (c) 2016 Mock BMP Data Generator,,,,,12.1.2.224
init,f9c725ce-74e7-4a0c-943a-4e80821ccea0,LEAF-72000-72477,7aaabe47988a080f45270ac1e56b0e14,12.1.2.225,Copyright (c) 2016 Mock BMP Data Generator,,,,,12.1.2.225
init,3fd9d98e-6005-406a-ba6b-adb0edb22d75,LEAF-72000-72478,eaad5c916faa583ad55b8ed1959940a6,12.1.2.226,Copyright (c) 2016 Mock BMP Data Generator,,,,,12.1.2.226
init,c72b6b22-9ebb-47e5-9cb9-189958914e3b,LEAF-72000-72479,5e5b00bb6e9cce5e189c3fbdc0187bd7,12.1.2.227,Copyright (c) 2016 Mock BMP Data Generator,,,,,12.1.2.227
init,29e1485f-951c-4b01-8396-6afc55869688,LEAF-72000-72480,ed3f71dcb89d0b90becf435db1bd34f4,12.1.2.228,Copyright (c) 2016 Mock BMP Data Generator,,,,,12.1.2.228
init,f71e43b9-096b-4bc4-ae2b-67803f2a25d9,LEAF-72000-72481,a3f21ab81441524a0e48f124defd534c,12.1.2.229,Copyright (c) 2016 Mock BMP Data Generator,,,,,12.1.2.229
init,c43fc05c-65e4-4612-a1a2-e5d2d9125cb5,LEAF-72000-72482,2457bdec7d2a55c579fb76dd4a897c1c,12.1.2.230,Copyright (c) 2016 Mock BMP Data Generator,,,,,12.1.2.230
init,a3af760e-0092-4d1f-9c3a-32a5a68e99f3,LEAF-72000-72483,9b5a6f29b43bd1bfd95450966e1cea9a,12.1.2.231,Copyright (c) 2016 Mock BMP Data Generator,,,,,12.1.2.231
init,76acac15-ab99-425e-ae72-05c81a8ef2eb,LEAF-72000-72484,9477bf116d3df049146e13e4c9d7ef7b,12.1.2.232,Copyright (c) 2016 Mock BMP Data Generator,,,,,12.1.2.232
init,1b7bfa34-fce6-40c4-b09f-40d79eed08d9,LEAF-72000-72485,f53aa7c905bf52724ce12839e45a69ef,12.1.2.233,Copyright (c) 2016 Mock BMP Data Generator,,,,,12.1.2.233
init,58485152-241e-494a-8b87-a53ce8a6fcad,LEAF-72000-72486,13e68c6af5215d2db391e165e334bfd5,12.1.2.234,Copyright (c) 2016 Mock BMP Data Generator,,,,,12.1.2.234
init,d14180e5-217e-4f9e-8d28-9f9ac305c30b,LEAF-72000-72487,384d538cde992961cfcf4585892a8e51,12.1.2.235,Copyright (c) 2016 Mock BMP Data Generator,,,,,12.1.2.235
init,c164d85d-a286-4421-b389-b63b6b0d4143,LEAF-72000-72488,56a12d1b548be761216457b44d77ac62,12.1.2.236,Copyright (c) 2016 Mock BMP Data Generator,,,,,12.1.2.236
init,aa2f1039-06fa-4b3d-9f91-1ae8deb55e9b,LEAF-72000-72489,76c5148171cc40ed52bf12027122d8e2,12.1.2.237,Copyright (c) 2016 Mock BMP Data Generator,,,,,12.1.2.237
init,2813d54e-fbe9-4908-84d7-a52dc5cea1c5,LEAF-72000-72490,d12c7662416bbdc2aa163fb69e03c058,12.1.2.238,Copyright (c) 2016 Mock BMP Data Generator,,,,,12.1.2.238
init,52ddb27c-7762-494d-bc84-732d0dab8642,LEAF-72000-72491,bb265322ecec0816f2a20d669f96815c,12.1.2.239,Copyright (c) 2016 Mock BMP Data Generator,,,,,12.1.2.239
init,d2a44f74-c918-4c53-824f-a46746e1c67a,LEAF-72000-72492,db6dcb9076e49ba9cf4205bb1cc3deee,12.1.2.240,Copyright (c) 2016 Mock BMP Data Generator,,,,,12.1.2.240
init,972356a2-ade2-4663-802d-c126e9c152ac,LEAF-72000-72493,11e7647877d26c317b156eccf4c817a4,12.1.2.241,Copyright (c) 2016 Mock BMP Data Generator,,,,,12.1.2.241
init,20d9c9f4-951b-49a9-8f6d-aac67ccd260e,LEAF-72000-72494,fee22fa0db3f78a8663e7d1dbe6bb276,12.1.2.242,Copyright (c) 2016 Mock BMP Data Generator,,,,,12.1.2.242
init,632b9c4c-8fbd-4e68-9143-8c4f357c42d0,LEAF-72000-72495,d05bb1c8f3c02bd095b4e422a9ecc37e,12.1.2.243,Copyright (c) 2016 Mock BMP Data Generator,,,,,12.1.2.243
init,4fac742a-7a25-48e5-bdbb-bf89f207520b,LEAF-72000-72496,795bc8445c156ff30ddc0b8297853549,12.1.2.244,Copyright (c) 2016 Mock BMP Data Generator,,,,,12.1.2.244
init,cf774e91-9d90-4e61-ae73-10e814df11ad,LEAF-72000-72497,2bd7cfb180ffa30a76871b70f6331640,12.1.2.245,Copyright (c) 2016 Mock BMP Data Generator,,,,,12.1.2.245
init,f2217faf-1a63-472c-ba66-f626f6c79754,LEAF-72000-72498,ab61d118393090b9faaaec4c8095c77d,12.1.2.246,Copyright (c) 2016 Mock BMP Data Generator,,,,,12.1.2.246
init,3f3baa15-fc90-4cd4-9623-51d902f6d04d,LEAF-72000-72499,40781145ac2ac31f2feb364be6cd58f5,12.1.2.247,Copyright (c) 2016 Mock BMP Data Generator,,,,,12.1.2.247
init,7a890f6a-98c0-4de7-bc53-e7a43872d066,LEAF-72000-72500,6648e69b4a571392b0fc3d3318828dbd,12.1.2.248,Copyright (c) 2016 Mock BMP Data Generator,,,,,12.1.2.248
